sale_date,store_id,sku_id,ticket_id,qty,revenue,list_cogs,landed_cogs
2024-09-10,S-110,K-011,T-0910-S-110-000,5,706.36,514.2,517.41
2024-09-10,S-110,K-045,T-0910-S-110-001,2,282.54,205.68,206.96
2024-09-10,S-110,K-055,T-0910-S-110-002,4,275.4,200.66,201.87
2024-09-10,S-110,K-043,T-0910-S-110-003,5,602.69,438.95,441.48
2024-09-10,S-110,K-059,T-0910-S-110-004,3,330.66,240.8,242.25
2024-09-10,S-110,K-056,T-0910-S-110-005,5,396.34,288.45,290.08
2024-09-10,S-110,K-033,T-0910-S-110-006,4,771.44,561.86,565.24
2024-09-10,S-110,K-037,T-0910-S-110-007,3,175.6,127.92,128.76
2024-09-10,S-110,K-001,T-0910-S-110-008,3,113.69,82.77,83.2
2024-09-10,S-110,K-008,T-0910-S-110-009,1,110.22,80.27,80.75
2024-09-10,S-110,K-024,T-0910-S-110-010,3,299.71,218.22,219.6
2024-09-10,S-110,K-060,T-0910-S-110-011,3,361.61,263.37,264.89
2024-09-10,S-110,K-016,T-0910-S-110-012,1,192.86,140.46,141.31
2024-09-10,S-110,K-057,T-0910-S-110-013,3,268.75,195.65,196.96
2024-09-10,S-110,K-008,T-0910-S-110-014,1,110.22,80.27,80.75
2024-09-10,S-110,K-043,T-0910-S-110-015,5,602.69,438.95,441.48
2024-09-10,S-110,K-031,T-0910-S-110-016,1,172.23,125.41,126.22
2024-09-10,S-110,K-042,T-0910-S-110-017,5,551.1,401.33,403.74
2024-09-10,S-110,K-049,T-0910-S-110-018,3,547.63,398.82,401.29
2024-09-10,S-110,K-058,T-0910-S-110-019,3,299.71,218.22,219.6
2024-09-10,S-110,K-024,T-0910-S-110-020,3,299.71,218.22,219.6
2024-09-10,S-110,K-059,T-0910-S-110-021,1,110.22,80.27,80.75
2024-09-10,S-110,K-007,T-0910-S-110-022,3,299.71,218.22,219.6
2024-09-10,S-110,K-013,T-0910-S-110-023,5,809.54,589.45,592.89
2024-09-10,S-110,K-008,T-0910-S-110-024,4,440.88,321.06,323.0
2024-09-10,S-110,K-040,T-0910-S-110-025,2,179.17,130.43,131.31
2024-09-10,S-110,K-038,T-0910-S-110-026,2,137.7,100.33,100.94
2024-09-10,S-110,K-024,T-0910-S-110-027,1,99.9,72.74,73.2
2024-09-10,S-110,K-047,T-0910-S-110-028,1,161.91,117.89,118.58
2024-09-10,S-110,K-025,T-0910-S-110-029,5,551.1,401.33,403.74
2024-09-10,S-110,K-015,T-0910-S-110-030,4,730.17,531.76,535.05
2024-09-10,S-110,K-020,T-0910-S-110-031,4,234.13,170.56,171.68
2024-09-10,S-110,K-060,T-0910-S-110-032,4,482.15,351.16,353.19
2024-09-10,S-110,K-023,T-0910-S-110-033,1,89.58,65.22,65.65
2024-09-10,S-110,K-005,T-0910-S-110-034,2,158.53,115.38,116.03
2024-09-10,S-110,K-031,T-0910-S-110-035,2,344.45,250.83,252.43
2024-09-10,S-110,K-033,T-0910-S-110-036,3,578.58,421.39,423.93
2024-09-10,S-110,K-043,T-0910-S-110-037,3,361.61,263.37,264.89
2024-09-10,S-110,K-040,T-0910-S-110-038,1,89.58,65.22,65.65
2024-09-10,S-110,K-053,T-0910-S-110-039,1,48.22,35.12,35.37
2024-09-10,S-110,K-052,T-0910-S-110-040,5,189.49,137.96,138.67
2024-09-10,S-110,K-017,T-0910-S-110-041,3,82.74,60.2,60.56
2024-09-10,S-110,K-026,T-0910-S-110-042,4,482.15,351.16,353.19
2024-09-10,S-110,K-024,T-0910-S-110-043,5,499.51,363.7,366.01
2024-09-10,S-110,K-050,T-0910-S-110-044,5,964.3,702.32,706.55
2024-09-10,S-110,K-031,T-0910-S-110-045,2,344.45,250.83,252.43
2024-09-10,S-110,K-018,T-0910-S-110-046,3,113.69,82.77,83.2
2024-09-10,S-110,K-051,T-0910-S-110-047,3,82.74,60.2,60.56
2024-09-10,S-110,K-048,T-0910-S-110-048,4,688.9,501.66,504.86
2024-09-10,S-110,K-006,T-0910-S-110-049,4,358.34,260.86,262.62
2024-09-10,S-110,K-037,T-0910-S-110-050,1,58.53,42.64,42.92
2024-09-10,S-110,K-002,T-0910-S-110-051,1,48.22,35.12,35.37
2024-09-10,S-110,K-054,T-0910-S-110-052,1,58.53,42.64,42.92
2024-09-10,S-110,K-049,T-0910-S-110-053,4,730.17,531.76,535.05
2024-09-10,S-110,K-042,T-0910-S-110-054,1,110.22,80.27,80.75
2024-09-10,S-110,K-002,T-0910-S-110-055,1,48.22,35.12,35.37
2024-09-10,S-110,K-036,T-0910-S-110-056,4,192.86,140.46,141.49
2024-09-10,S-110,K-004,T-0910-S-110-057,4,275.4,200.66,201.87
2024-09-10,S-110,K-003,T-0910-S-110-058,3,175.6,127.92,128.76
2024-09-10,S-110,K-043,T-0910-S-110-059,1,120.54,87.79,88.3
2024-09-10,S-110,K-026,T-0910-S-110-060,1,120.54,87.79,88.3
2024-09-10,S-110,K-053,T-0910-S-110-061,2,96.43,70.23,70.75
2024-09-10,S-110,K-029,T-0910-S-110-062,5,757.95,551.82,555.15
2024-09-10,S-110,K-032,T-0910-S-110-063,1,182.54,132.94,133.76
2024-09-10,S-110,K-030,T-0910-S-110-064,4,647.63,471.56,474.31
2024-09-10,S-110,K-052,T-0910-S-110-065,2,75.79,55.18,55.47
2024-09-10,S-110,K-042,T-0910-S-110-066,1,110.22,80.27,80.75
2024-09-10,S-110,K-045,T-0910-S-110-067,2,282.54,205.68,206.96
2024-09-10,S-110,K-037,T-0910-S-110-068,5,292.66,213.2,214.6
2024-09-10,S-110,K-054,T-0910-S-110-069,5,292.66,213.2,214.6
2024-09-10,S-110,K-056,T-0910-S-110-070,4,317.07,230.76,232.06
2024-09-10,S-110,K-054,T-0910-S-110-071,5,292.66,213.2,214.6
2024-09-10,S-110,K-020,T-0910-S-110-072,3,175.6,127.92,128.76
2024-09-10,S-110,K-008,T-0910-S-110-073,2,220.44,160.53,161.5
2024-09-10,S-110,K-017,T-0910-S-110-074,5,137.9,100.33,100.94
2024-09-10,S-110,K-052,T-0910-S-110-075,4,151.59,110.36,110.94
2024-09-10,S-110,K-003,T-0910-S-110-076,5,292.66,213.2,214.6
2024-09-10,S-110,K-056,T-0910-S-110-077,1,79.27,57.69,58.02
2024-09-10,S-110,K-023,T-0910-S-110-078,4,358.34,260.86,262.62
2024-09-10,S-110,K-042,T-0910-S-110-079,3,330.66,240.8,242.25
2024-09-10,S-110,K-031,T-0910-S-110-080,3,516.68,376.24,378.65
2024-09-10,S-110,K-041,T-0910-S-110-081,4,399.61,290.96,292.81
2024-09-10,S-110,K-051,T-0910-S-110-082,4,110.32,80.27,80.75
2024-09-10,S-110,K-013,T-0910-S-110-083,1,161.91,117.89,118.58
2024-09-10,S-110,K-009,T-0910-S-110-084,4,482.15,351.16,353.19
2024-09-10,S-110,K-051,T-0910-S-110-085,3,82.74,60.2,60.56
2024-09-10,S-110,K-004,T-0910-S-110-086,1,68.85,50.17,50.47
2024-09-10,S-110,K-044,T-0910-S-110-087,2,261.71,190.63,191.87
2024-09-10,S-110,K-057,T-0910-S-110-088,1,89.58,65.22,65.65
2024-09-10,S-110,K-017,T-0910-S-110-089,3,82.74,60.2,60.56
2024-09-10,S-110,K-024,T-0910-S-110-090,1,99.9,72.74,73.2
2024-09-10,S-110,K-010,T-0910-S-110-091,2,261.71,190.63,191.87
2024-09-10,S-110,K-042,T-0910-S-110-092,2,220.44,160.53,161.5
2024-09-10,S-110,K-020,T-0910-S-110-093,4,234.13,170.56,171.68
2024-09-10,S-110,K-017,T-0910-S-110-094,5,137.9,100.33,100.94
2024-09-10,S-110,K-027,T-0910-S-110-095,1,130.86,95.31,95.93
2024-09-10,S-110,K-047,T-0910-S-110-096,2,323.82,235.78,237.15
2024-09-10,S-110,K-044,T-0910-S-110-097,1,130.86,95.31,95.93
2024-09-10,S-110,K-004,T-0910-S-110-098,3,206.55,150.5,151.4
2024-09-10,S-110,K-042,T-0910-S-110-099,4,440.88,321.06,323.0
2024-09-10,S-110,K-041,T-0910-S-110-100,3,299.71,218.22,219.6
2024-09-10,S-110,K-045,T-0910-S-110-101,4,565.09,411.36,413.93
2024-09-10,S-110,K-027,T-0910-S-110-102,3,392.57,285.94,287.8
2024-09-10,S-110,K-036,T-0910-S-110-103,1,48.22,35.12,35.37
2024-09-10,S-110,K-035,T-0910-S-110-104,4,151.59,110.36,110.94
2024-09-10,S-110,K-013,T-0910-S-110-105,5,809.54,589.45,592.89
2024-09-10,S-110,K-035,T-0910-S-110-106,3,113.69,82.77,83.2
2024-09-10,S-110,K-050,T-0910-S-110-107,3,578.58,421.39,423.93
2024-09-10,S-110,K-047,T-0910-S-110-108,2,323.82,235.78,237.15
2024-09-10,S-110,K-053,T-0910-S-110-109,3,144.65,105.35,106.12
2024-09-10,S-110,K-018,T-0910-S-110-110,5,189.49,137.96,138.67
2024-09-10,S-110,K-046,T-0910-S-110-111,5,757.95,551.82,555.15
2024-09-10,S-110,K-012,T-0910-S-110-112,5,757.95,551.82,555.15
2024-09-10,S-110,K-040,T-0910-S-110-113,1,89.58,65.22,65.65
2024-09-10,S-110,K-014,T-0910-S-110-114,1,172.23,125.41,126.22
2024-09-10,S-110,K-049,T-0910-S-110-115,2,365.09,265.88,267.53
2024-09-10,S-110,K-023,T-0910-S-110-116,3,268.75,195.65,196.96
2024-09-10,S-110,K-045,T-0910-S-110-117,3,423.82,308.52,310.45
2024-09-10,S-110,K-006,T-0910-S-110-118,1,89.58,65.22,65.65
2024-09-10,S-110,K-047,T-0910-S-110-119,1,161.91,117.89,118.58
2024-09-10,S-110,K-035,T-0910-S-110-120,1,37.9,27.59,27.73
2024-09-10,S-110,K-023,T-0910-S-110-121,2,179.17,130.43,131.31
2024-09-10,S-110,K-006,T-0910-S-110-122,4,358.34,260.86,262.62
2024-09-10,S-110,K-013,T-0910-S-110-123,1,161.91,117.89,118.58
2024-09-10,S-110,K-002,T-0910-S-110-124,3,144.65,105.35,106.12
2024-09-10,S-110,K-034,T-0910-S-110-125,3,82.74,60.2,60.56
2024-09-10,S-110,K-051,T-0910-S-110-126,5,137.9,100.33,100.94
2024-09-10,S-110,K-048,T-0910-S-110-127,3,516.68,376.24,378.65
2024-09-10,S-110,K-006,T-0910-S-110-128,5,447.92,326.08,328.27
2024-09-10,S-110,K-057,T-0910-S-110-129,4,358.34,260.86,262.62
2024-09-10,S-110,K-027,T-0910-S-110-130,5,654.28,476.57,479.67
2024-09-10,S-110,K-044,T-0910-S-110-131,1,130.86,95.31,95.93
2024-09-10,S-110,K-057,T-0910-S-110-132,5,447.92,326.08,328.27
2024-09-10,S-110,K-015,T-0910-S-110-133,3,547.63,398.82,401.29
2024-09-10,S-110,K-029,T-0910-S-110-134,1,151.59,110.36,111.03
2024-09-10,S-110,K-052,T-0910-S-110-135,4,151.59,110.36,110.94
2024-09-10,S-110,K-014,T-0910-S-110-136,5,861.13,627.07,631.08
2024-09-10,S-110,K-011,T-0910-S-110-137,4,565.09,411.36,413.93
2024-09-10,S-110,K-034,T-0910-S-110-138,3,82.74,60.2,60.56
2024-09-10,S-110,K-052,T-0910-S-110-139,4,151.59,110.36,110.94
2024-09-10,S-110,K-027,T-0910-S-110-140,1,130.86,95.31,95.93
2024-09-10,S-110,K-039,T-0910-S-110-141,3,237.8,173.07,174.05
2024-09-10,S-110,K-028,T-0910-S-110-142,3,423.82,308.52,310.45
2024-09-10,S-110,K-054,T-0910-S-110-143,3,175.6,127.92,128.76
2024-09-10,S-110,K-002,T-0910-S-110-144,3,144.65,105.35,106.12
2024-09-10,S-110,K-012,T-0910-S-110-145,1,151.59,110.36,111.03
2024-09-10,S-110,K-055,T-0910-S-110-146,2,137.7,100.33,100.94
2024-09-10,S-110,K-037,T-0910-S-110-147,3,175.6,127.92,128.76
2024-09-10,S-110,K-039,T-0910-S-110-148,4,317.07,230.76,232.06
2024-09-10,S-110,K-039,T-0910-S-110-149,1,79.27,57.69,58.02
2024-09-10,S-110,K-043,T-0910-S-110-150,2,241.08,175.58,176.59
2024-09-10,S-110,K-004,T-0910-S-110-151,1,68.85,50.17,50.47
2024-09-10,S-110,K-024,T-0910-S-110-152,2,199.8,145.48,146.4
2024-09-10,S-110,K-004,T-0910-S-110-153,1,68.85,50.17,50.47
2024-09-10,S-110,K-024,T-0910-S-110-154,2,199.8,145.48,146.4
2024-09-10,S-110,K-053,T-0910-S-110-155,5,241.08,175.58,176.87
2024-09-10,S-110,K-016,T-0910-S-110-156,3,578.58,421.39,423.93
2024-09-10,S-110,K-052,T-0910-S-110-157,1,37.9,27.59,27.73
2024-09-10,S-110,K-007,T-0910-S-110-158,3,299.71,218.22,219.6
2024-09-10,S-110,K-048,T-0910-S-110-159,4,688.9,501.66,504.86
2024-09-10,S-110,K-029,T-0910-S-110-160,2,303.18,220.73,222.06
2024-09-10,S-110,K-045,T-0910-S-110-161,1,141.27,102.84,103.48
2024-09-10,S-110,K-050,T-0910-S-110-162,1,192.86,140.46,141.31
2024-09-10,S-110,K-028,T-0910-S-110-163,3,423.82,308.52,310.45
2024-09-10,S-110,K-052,T-0910-S-110-164,1,37.9,27.59,27.73
2024-09-10,S-110,K-060,T-0910-S-110-165,3,361.61,263.37,264.89
2024-09-10,S-110,K-033,T-0910-S-110-166,4,771.44,561.86,565.24
2024-09-10,S-110,K-019,T-0910-S-110-167,5,241.08,175.58,176.87
2024-09-10,S-110,K-016,T-0910-S-110-168,1,192.86,140.46,141.31
2024-09-10,S-110,K-016,T-0910-S-110-169,1,192.86,140.46,141.31
2024-09-10,S-110,K-016,T-0910-S-110-170,5,964.3,702.32,706.55
2024-09-10,S-110,K-030,T-0910-S-110-171,1,161.91,117.89,118.58
2024-09-10,S-110,K-049,T-0910-S-110-172,1,182.54,132.94,133.76
2024-09-10,S-110,K-037,T-0910-S-110-173,3,175.6,127.92,128.76
2024-09-10,S-110,K-027,T-0910-S-110-174,5,654.28,476.57,479.67
2024-09-10,S-110,K-011,T-0910-S-110-175,1,141.27,102.84,103.48
2024-09-10,S-110,K-053,T-0910-S-110-176,5,241.08,175.58,176.87
2024-09-10,S-110,K-047,T-0910-S-110-177,1,161.91,117.89,118.58
2024-09-10,S-110,K-003,T-0910-S-110-178,2,117.07,85.28,85.84
2024-09-10,S-110,K-026,T-0910-S-110-179,2,241.08,175.58,176.59
2024-09-10,S-110,K-010,T-0910-S-110-180,3,392.57,285.94,287.8
2024-09-10,S-110,K-034,T-0910-S-110-181,1,27.58,20.07,20.19
2024-09-10,S-110,K-036,T-0910-S-110-182,5,241.08,175.58,176.87
2024-09-10,S-110,K-055,T-0910-S-110-183,4,275.4,200.66,201.87
2024-09-10,S-110,K-029,T-0910-S-110-184,5,757.95,551.82,555.15
2024-09-10,S-110,K-018,T-0910-S-110-185,2,75.79,55.18,55.47
2024-09-10,S-110,K-018,T-0910-S-110-186,4,151.59,110.36,110.94
2024-09-10,S-110,K-015,T-0910-S-110-187,3,547.63,398.82,401.29
2024-09-10,S-110,K-047,T-0910-S-110-188,4,647.63,471.56,474.31
2024-09-10,S-110,K-027,T-0910-S-110-189,2,261.71,190.63,191.87
2024-09-10,S-110,K-008,T-0910-S-110-190,2,220.44,160.53,161.5
2024-09-10,S-110,K-011,T-0910-S-110-191,3,423.82,308.52,310.45
2024-09-10,S-110,K-009,T-0910-S-110-192,5,602.69,438.95,441.48
2024-09-10,S-110,K-004,T-0910-S-110-193,5,344.25,250.83,252.34
2024-09-10,S-110,K-036,T-0910-S-110-194,4,192.86,140.46,141.49
2024-09-10,S-110,K-042,T-0910-S-110-195,4,440.88,321.06,323.0
2024-09-10,S-110,K-055,T-0910-S-110-196,4,275.4,200.66,201.87
2024-09-10,S-110,K-048,T-0910-S-110-197,2,344.45,250.83,252.43
2024-09-10,S-110,K-044,T-0910-S-110-198,4,523.42,381.26,383.74
2024-09-10,S-110,K-055,T-0910-S-110-199,1,68.85,50.17,50.47
2024-09-10,S-110,K-002,T-0910-S-110-200,3,144.65,105.35,106.12
2024-09-10,S-110,K-008,T-0910-S-110-201,3,330.66,240.8,242.25
2024-09-10,S-110,K-002,T-0910-S-110-202,2,96.43,70.23,70.75
2024-09-10,S-110,K-019,T-0910-S-110-203,1,48.22,35.12,35.37
2024-09-10,S-110,K-041,T-0910-S-110-204,5,499.51,363.7,366.01
2024-09-10,S-110,K-019,T-0910-S-110-205,1,48.22,35.12,35.37
2024-09-10,S-110,K-001,T-0910-S-110-206,2,75.79,55.18,55.47
2024-09-10,S-110,K-040,T-0910-S-110-207,5,447.92,326.08,328.27
2024-09-10,S-110,K-047,T-0910-S-110-208,4,647.63,471.56,474.31
2024-09-10,S-110,K-017,T-0910-S-110-209,1,27.58,20.07,20.19
2024-09-10,S-110,K-017,T-0910-S-110-210,4,110.32,80.27,80.75
2024-09-10,S-110,K-048,T-0910-S-110-211,5,861.13,627.07,631.08
2024-09-10,S-110,K-010,T-0910-S-110-212,3,392.57,285.94,287.8
2024-09-10,S-110,K-010,T-0910-S-110-213,1,130.86,95.31,95.93
2024-09-10,S-110,K-011,T-0910-S-110-214,4,565.09,411.36,413.93
2024-09-10,S-110,K-042,T-0910-S-110-215,2,220.44,160.53,161.5
2024-09-10,S-110,K-035,T-0910-S-110-216,1,37.9,27.59,27.73
2024-09-10,S-110,K-006,T-0910-S-110-217,4,358.34,260.86,262.62
2024-09-10,S-110,K-036,T-0910-S-110-218,5,241.08,175.58,176.87
2024-09-10,S-110,K-018,T-0910-S-110-219,3,113.69,82.77,83.2
2024-09-10,S-110,K-052,T-0910-S-110-220,3,113.69,82.77,83.2
2024-09-10,S-110,K-012,T-0910-S-110-221,3,454.77,331.09,333.09
2024-09-10,S-110,K-016,T-0910-S-110-222,3,578.58,421.39,423.93
2024-09-10,S-110,K-059,T-0910-S-110-223,2,220.44,160.53,161.5
2024-09-10,S-110,K-003,T-0910-S-110-224,2,117.07,85.28,85.84
2024-09-10,S-110,K-002,T-0910-S-110-225,4,192.86,140.46,141.49
2024-09-10,S-110,K-053,T-0910-S-110-226,1,48.22,35.12,35.37
2024-09-10,S-110,K-018,T-0910-S-110-227,4,151.59,110.36,110.94
2024-09-10,S-110,K-059,T-0910-S-110-228,5,551.1,401.33,403.74
2024-09-10,S-110,K-040,T-0910-S-110-229,1,89.58,65.22,65.65
2024-09-10,S-110,K-022,T-0910-S-110-230,4,317.07,230.76,232.06
2024-09-10,S-110,K-015,T-0910-S-110-231,3,547.63,398.82,401.29
2024-09-10,S-110,K-035,T-0910-S-110-232,2,75.79,55.18,55.47
2024-09-10,S-110,K-060,T-0910-S-110-233,4,482.15,351.16,353.19
2024-09-10,S-110,K-011,T-0910-S-110-234,3,423.82,308.52,310.45
2024-09-10,S-110,K-047,T-0910-S-110-235,1,161.91,117.89,118.58
2024-09-10,S-110,K-022,T-0910-S-110-236,3,237.8,173.07,174.05
2024-09-10,S-110,K-036,T-0910-S-110-237,2,96.43,70.23,70.75
2024-09-10,S-110,K-024,T-0910-S-110-238,5,499.51,363.7,366.01
2024-09-10,S-110,K-059,T-0910-S-110-239,5,551.1,401.33,403.74
2024-09-10,S-110,K-045,T-0910-S-110-240,3,423.82,308.52,310.45
2024-09-10,S-110,K-028,T-0910-S-110-241,4,565.09,411.36,413.93
2024-09-10,S-110,K-004,T-0910-S-110-242,4,275.4,200.66,201.87
2024-09-10,S-110,K-055,T-0910-S-110-243,5,344.25,250.83,252.34
2024-09-10,S-110,K-055,T-0910-S-110-244,1,68.85,50.17,50.47
2024-09-10,S-110,K-057,T-0910-S-110-245,3,268.75,195.65,196.96
2024-09-10,S-110,K-060,T-0910-S-110-246,1,120.54,87.79,88.3
2024-09-10,S-110,K-053,T-0910-S-110-247,2,96.43,70.23,70.75
2024-09-10,S-110,K-012,T-0910-S-110-248,4,606.36,441.46,444.12
2024-09-10,S-110,K-024,T-0910-S-110-249,5,499.51,363.7,366.01
2024-09-10,S-110,K-001,T-0910-S-110-250,4,151.59,110.36,110.94
2024-09-10,S-110,K-003,T-0910-S-110-251,4,234.13,170.56,171.68
2024-09-10,S-110,K-034,T-0910-S-110-252,1,27.58,20.07,20.19
2024-09-10,S-110,K-021,T-0910-S-110-253,3,206.55,150.5,151.4
2024-09-10,S-110,K-009,T-0910-S-110-254,5,602.69,438.95,441.48
2024-09-10,S-214,K-043,T-0910-S-214-000,3,361.61,263.37,264.89
2024-09-10,S-214,K-047,T-0910-S-214-001,4,647.63,471.56,474.31
2024-09-10,S-214,K-013,T-0910-S-214-002,5,809.54,589.45,592.89
2024-09-10,S-214,K-011,T-0910-S-214-003,4,565.09,411.36,413.93
2024-09-10,S-214,K-018,T-0910-S-214-004,1,37.9,27.59,27.73
2024-09-10,S-214,K-005,T-0910-S-214-005,2,158.53,115.38,116.03
2024-09-10,S-214,K-007,T-0910-S-214-006,4,399.61,290.96,292.81
2024-09-10,S-214,K-010,T-0910-S-214-007,3,392.57,285.94,287.8
2024-09-10,S-214,K-005,T-0910-S-214-008,4,317.07,230.76,232.06
2024-09-10,S-214,K-030,T-0910-S-214-009,5,809.54,589.45,592.89
2024-09-10,S-214,K-011,T-0910-S-214-010,5,706.36,514.2,517.41
2024-09-10,S-214,K-056,T-0910-S-214-011,2,158.53,115.38,116.03
2024-09-10,S-214,K-002,T-0910-S-214-012,2,96.43,70.23,70.75
2024-09-10,S-214,K-060,T-0910-S-214-013,2,241.08,175.58,176.59
2024-09-10,S-214,K-051,T-0910-S-214-014,5,137.9,100.33,100.94
2024-09-10,S-214,K-013,T-0910-S-214-015,5,809.54,589.45,592.89
2024-09-10,S-214,K-054,T-0910-S-214-016,4,234.13,170.56,171.68
2024-09-10,S-214,K-003,T-0910-S-214-017,2,117.07,85.28,85.84
2024-09-10,S-214,K-020,T-0910-S-214-018,5,292.66,213.2,214.6
2024-09-10,S-214,K-004,T-0910-S-214-019,4,275.4,200.66,201.87
2024-09-10,S-214,K-046,T-0910-S-214-020,3,454.77,331.09,333.09
2024-09-10,S-214,K-021,T-0910-S-214-021,3,206.55,150.5,151.4
2024-09-10,S-214,K-011,T-0910-S-214-022,4,565.09,411.36,413.93
2024-09-10,S-214,K-023,T-0910-S-214-023,3,268.75,195.65,196.96
2024-09-10,S-214,K-017,T-0910-S-214-024,2,55.16,40.13,40.37
2024-09-10,S-214,K-023,T-0910-S-214-025,5,447.92,326.08,328.27
2024-09-10,S-214,K-036,T-0910-S-214-026,2,96.43,70.23,70.75
2024-09-10,S-214,K-008,T-0910-S-214-027,1,110.22,80.27,80.75
2024-09-10,S-214,K-016,T-0910-S-214-028,5,964.3,702.32,706.55
2024-09-10,S-214,K-005,T-0910-S-214-029,1,79.27,57.69,58.02
2024-09-10,S-214,K-015,T-0910-S-214-030,4,730.17,531.76,535.05
2024-09-10,S-214,K-048,T-0910-S-214-031,3,516.68,376.24,378.65
2024-09-10,S-214,K-047,T-0910-S-214-032,5,809.54,589.45,592.89
2024-09-10,S-214,K-009,T-0910-S-214-033,2,241.08,175.58,176.59
2024-09-10,S-214,K-032,T-0910-S-214-034,5,912.71,664.7,668.82
2024-09-10,S-214,K-039,T-0910-S-214-035,3,237.8,173.07,174.05
2024-09-10,S-214,K-045,T-0910-S-214-036,2,282.54,205.68,206.96
2024-09-10,S-214,K-059,T-0910-S-214-037,5,551.1,401.33,403.74
2024-09-10,S-214,K-035,T-0910-S-214-038,4,151.59,110.36,110.94
2024-09-10,S-214,K-019,T-0910-S-214-039,5,241.08,175.58,176.87
2024-09-10,S-214,K-015,T-0910-S-214-040,1,182.54,132.94,133.76
2024-09-10,S-214,K-003,T-0910-S-214-041,2,117.07,85.28,85.84
2024-09-10,S-214,K-026,T-0910-S-214-042,4,482.15,351.16,353.19
2024-09-10,S-214,K-029,T-0910-S-214-043,4,606.36,441.46,444.12
2024-09-10,S-214,K-031,T-0910-S-214-044,3,516.68,376.24,378.65
2024-09-10,S-214,K-040,T-0910-S-214-045,1,89.58,65.22,65.65
2024-09-10,S-214,K-055,T-0910-S-214-046,3,206.55,150.5,151.4
2024-09-10,S-214,K-033,T-0910-S-214-047,5,964.3,702.32,706.55
2024-09-10,S-214,K-050,T-0910-S-214-048,1,192.86,140.46,141.31
2024-09-10,S-214,K-025,T-0910-S-214-049,3,330.66,240.8,242.25
2024-09-10,S-214,K-040,T-0910-S-214-050,3,268.75,195.65,196.96
2024-09-10,S-214,K-006,T-0910-S-214-051,3,268.75,195.65,196.96
2024-09-10,S-214,K-020,T-0910-S-214-052,2,117.07,85.28,85.84
2024-09-10,S-214,K-004,T-0910-S-214-053,3,206.55,150.5,151.4
2024-09-10,S-214,K-043,T-0910-S-214-054,2,241.08,175.58,176.59
2024-09-10,S-214,K-038,T-0910-S-214-055,4,275.4,200.66,201.87
2024-09-10,S-214,K-038,T-0910-S-214-056,3,206.55,150.5,151.4
2024-09-10,S-214,K-024,T-0910-S-214-057,4,399.61,290.96,292.81
2024-09-10,S-214,K-002,T-0910-S-214-058,5,241.08,175.58,176.87
2024-09-10,S-214,K-045,T-0910-S-214-059,2,282.54,205.68,206.96
2024-09-10,S-214,K-003,T-0910-S-214-060,2,117.07,85.28,85.84
2024-09-10,S-214,K-038,T-0910-S-214-061,3,206.55,150.5,151.4
2024-09-10,S-214,K-057,T-0910-S-214-062,2,179.17,130.43,131.31
2024-09-10,S-214,K-017,T-0910-S-214-063,3,82.74,60.2,60.56
2024-09-10,S-214,K-026,T-0910-S-214-064,5,602.69,438.95,441.48
2024-09-10,S-214,K-037,T-0910-S-214-065,5,292.66,213.2,214.6
2024-09-10,S-214,K-045,T-0910-S-214-066,4,565.09,411.36,413.93
2024-09-10,S-214,K-055,T-0910-S-214-067,3,206.55,150.5,151.4
2024-09-10,S-214,K-001,T-0910-S-214-068,2,75.79,55.18,55.47
2024-09-10,S-214,K-054,T-0910-S-214-069,3,175.6,127.92,128.76
2024-09-10,S-214,K-055,T-0910-S-214-070,4,275.4,200.66,201.87
2024-09-10,S-214,K-011,T-0910-S-214-071,3,423.82,308.52,310.45
2024-09-10,S-214,K-033,T-0910-S-214-072,4,771.44,561.86,565.24
2024-09-10,S-214,K-021,T-0910-S-214-073,5,344.25,250.83,252.34
2024-09-10,S-214,K-023,T-0910-S-214-074,3,268.75,195.65,196.96
2024-09-10,S-214,K-031,T-0910-S-214-075,4,688.9,501.66,504.86
2024-09-10,S-214,K-045,T-0910-S-214-076,2,282.54,205.68,206.96
2024-09-10,S-214,K-032,T-0910-S-214-077,5,912.71,664.7,668.82
2024-09-10,S-214,K-025,T-0910-S-214-078,1,110.22,80.27,80.75
2024-09-10,S-214,K-025,T-0910-S-214-079,4,440.88,321.06,323.0
2024-09-10,S-214,K-005,T-0910-S-214-080,2,158.53,115.38,116.03
2024-09-10,S-214,K-044,T-0910-S-214-081,1,130.86,95.31,95.93
2024-09-10,S-214,K-001,T-0910-S-214-082,5,189.49,137.96,138.67
2024-09-10,S-214,K-036,T-0910-S-214-083,1,48.22,35.12,35.37
2024-09-10,S-214,K-005,T-0910-S-214-084,3,237.8,173.07,174.05
2024-09-10,S-214,K-031,T-0910-S-214-085,1,172.23,125.41,126.22
2024-09-10,S-214,K-044,T-0910-S-214-086,5,654.28,476.57,479.67
2024-09-10,S-214,K-009,T-0910-S-214-087,4,482.15,351.16,353.19
2024-09-10,S-214,K-058,T-0910-S-214-088,5,499.51,363.7,366.01
2024-09-10,S-214,K-016,T-0910-S-214-089,5,964.3,702.32,706.55
2024-09-10,S-214,K-044,T-0910-S-214-090,5,654.28,476.57,479.67
2024-09-10,S-214,K-031,T-0910-S-214-091,4,688.9,501.66,504.86
2024-09-10,S-214,K-019,T-0910-S-214-092,5,241.08,175.58,176.87
2024-09-10,S-214,K-023,T-0910-S-214-093,1,89.58,65.22,65.65
2024-09-10,S-214,K-014,T-0910-S-214-094,4,688.9,501.66,504.86
2024-09-10,S-214,K-044,T-0910-S-214-095,3,392.57,285.94,287.8
2024-09-10,S-214,K-053,T-0910-S-214-096,3,144.65,105.35,106.12
2024-09-10,S-214,K-053,T-0910-S-214-097,2,96.43,70.23,70.75
2024-09-10,S-214,K-011,T-0910-S-214-098,1,141.27,102.84,103.48
2024-09-10,S-214,K-015,T-0910-S-214-099,3,547.63,398.82,401.29
2024-09-10,S-214,K-018,T-0910-S-214-100,3,113.69,82.77,83.2
2024-09-10,S-214,K-059,T-0910-S-214-101,4,440.88,321.06,323.0
2024-09-10,S-214,K-014,T-0910-S-214-102,1,172.23,125.41,126.22
2024-09-10,S-214,K-033,T-0910-S-214-103,1,192.86,140.46,141.31
2024-09-10,S-214,K-045,T-0910-S-214-104,4,565.09,411.36,413.93
2024-09-10,S-214,K-054,T-0910-S-214-105,3,175.6,127.92,128.76
2024-09-10,S-214,K-039,T-0910-S-214-106,2,158.53,115.38,116.03
2024-09-10,S-214,K-055,T-0910-S-214-107,3,206.55,150.5,151.4
2024-09-10,S-214,K-029,T-0910-S-214-108,2,303.18,220.73,222.06
2024-09-10,S-214,K-012,T-0910-S-214-109,5,757.95,551.82,555.15
2024-09-10,S-214,K-005,T-0910-S-214-110,3,237.8,173.07,174.05
2024-09-10,S-214,K-027,T-0910-S-214-111,3,392.57,285.94,287.8
2024-09-10,S-214,K-019,T-0910-S-214-112,1,48.22,35.12,35.37
2024-09-10,S-214,K-036,T-0910-S-214-113,3,144.65,105.35,106.12
2024-09-10,S-214,K-022,T-0910-S-214-114,2,158.53,115.38,116.03
2024-09-10,S-214,K-007,T-0910-S-214-115,4,399.61,290.96,292.81
2024-09-10,S-214,K-015,T-0910-S-214-116,4,730.17,531.76,535.05
2024-09-10,S-214,K-023,T-0910-S-214-117,4,358.34,260.86,262.62
2024-09-10,S-214,K-039,T-0910-S-214-118,2,158.53,115.38,116.03
2024-09-10,S-214,K-014,T-0910-S-214-119,2,344.45,250.83,252.43
2024-09-10,S-214,K-047,T-0910-S-214-120,2,323.82,235.78,237.15
2024-09-10,S-214,K-036,T-0910-S-214-121,5,241.08,175.58,176.87
2024-09-10,S-214,K-017,T-0910-S-214-122,4,110.32,80.27,80.75
2024-09-10,S-214,K-057,T-0910-S-214-123,5,447.92,326.08,328.27
2024-09-10,S-214,K-017,T-0910-S-214-124,4,110.32,80.27,80.75
2024-09-10,S-214,K-023,T-0910-S-214-125,2,179.17,130.43,131.31
2024-09-10,S-214,K-035,T-0910-S-214-126,2,75.79,55.18,55.47
2024-09-10,S-214,K-049,T-0910-S-214-127,2,365.09,265.88,267.53
2024-09-10,S-214,K-033,T-0910-S-214-128,2,385.72,280.93,282.62
2024-09-10,S-214,K-031,T-0910-S-214-129,3,516.68,376.24,378.65
2024-09-10,S-214,K-059,T-0910-S-214-130,3,330.66,240.8,242.25
2024-09-10,S-214,K-031,T-0910-S-214-131,1,172.23,125.41,126.22
2024-09-10,S-214,K-053,T-0910-S-214-132,5,241.08,175.58,176.87
2024-09-10,S-214,K-035,T-0910-S-214-133,1,37.9,27.59,27.73
2024-09-10,S-214,K-003,T-0910-S-214-134,4,234.13,170.56,171.68
2024-09-10,S-214,K-001,T-0910-S-214-135,5,189.49,137.96,138.67
2024-09-10,S-214,K-021,T-0910-S-214-136,3,206.55,150.5,151.4
2024-09-10,S-214,K-047,T-0910-S-214-137,4,647.63,471.56,474.31
2024-09-10,S-214,K-003,T-0910-S-214-138,4,234.13,170.56,171.68
2024-09-10,S-214,K-003,T-0910-S-214-139,5,292.66,213.2,214.6
2024-09-10,S-214,K-012,T-0910-S-214-140,5,757.95,551.82,555.15
2024-09-10,S-214,K-041,T-0910-S-214-141,2,199.8,145.48,146.4
2024-09-10,S-214,K-005,T-0910-S-214-142,3,237.8,173.07,174.05
2024-09-10,S-214,K-050,T-0910-S-214-143,5,964.3,702.32,706.55
2024-09-10,S-214,K-025,T-0910-S-214-144,3,330.66,240.8,242.25
2024-09-10,S-214,K-043,T-0910-S-214-145,2,241.08,175.58,176.59
2024-09-10,S-214,K-039,T-0910-S-214-146,2,158.53,115.38,116.03
2024-09-10,S-214,K-046,T-0910-S-214-147,4,606.36,441.46,444.12
2024-09-10,S-214,K-035,T-0910-S-214-148,4,151.59,110.36,110.94
2024-09-10,S-214,K-023,T-0910-S-214-149,3,268.75,195.65,196.96
2024-09-10,S-214,K-017,T-0910-S-214-150,5,137.9,100.33,100.94
2024-09-10,S-214,K-041,T-0910-S-214-151,2,199.8,145.48,146.4
2024-09-10,S-214,K-007,T-0910-S-214-152,1,99.9,72.74,73.2
2024-09-10,S-214,K-020,T-0910-S-214-153,1,58.53,42.64,42.92
2024-09-10,S-214,K-047,T-0910-S-214-154,2,323.82,235.78,237.15
2024-09-10,S-214,K-016,T-0910-S-214-155,2,385.72,280.93,282.62
2024-09-10,S-214,K-051,T-0910-S-214-156,2,55.16,40.13,40.37
2024-09-10,S-214,K-007,T-0910-S-214-157,5,499.51,363.7,366.01
2024-09-10,S-214,K-038,T-0910-S-214-158,3,206.55,150.5,151.4
2024-09-10,S-214,K-031,T-0910-S-214-159,1,172.23,125.41,126.22
2024-09-10,S-214,K-053,T-0910-S-214-160,2,96.43,70.23,70.75
2024-09-10,S-214,K-034,T-0910-S-214-161,3,82.74,60.2,60.56
2024-09-10,S-214,K-059,T-0910-S-214-162,2,220.44,160.53,161.5
2024-09-10,S-214,K-033,T-0910-S-214-163,5,964.3,702.32,706.55
2024-09-10,S-214,K-021,T-0910-S-214-164,3,206.55,150.5,151.4
2024-09-10,S-214,K-006,T-0910-S-214-165,5,447.92,326.08,328.27
2024-09-10,S-214,K-036,T-0910-S-214-166,1,48.22,35.12,35.37
2024-09-10,S-214,K-038,T-0910-S-214-167,5,344.25,250.83,252.34
2024-09-10,S-214,K-023,T-0910-S-214-168,3,268.75,195.65,196.96
2024-09-10,S-214,K-012,T-0910-S-214-169,4,606.36,441.46,444.12
2024-09-10,S-214,K-021,T-0910-S-214-170,4,275.4,200.66,201.87
2024-09-10,S-214,K-035,T-0910-S-214-171,1,37.9,27.59,27.73
2024-09-10,S-214,K-031,T-0910-S-214-172,4,688.9,501.66,504.86
2024-09-10,S-214,K-054,T-0910-S-214-173,5,292.66,213.2,214.6
2024-09-10,S-214,K-038,T-0910-S-214-174,5,344.25,250.83,252.34
2024-09-10,S-214,K-049,T-0910-S-214-175,3,547.63,398.82,401.29
2024-09-10,S-214,K-041,T-0910-S-214-176,3,299.71,218.22,219.6
2024-09-10,S-214,K-015,T-0910-S-214-177,4,730.17,531.76,535.05
2024-09-10,S-214,K-041,T-0910-S-214-178,2,199.8,145.48,146.4
2024-09-10,S-214,K-036,T-0910-S-214-179,3,144.65,105.35,106.12
2024-09-10,S-214,K-038,T-0910-S-214-180,2,137.7,100.33,100.94
2024-09-10,S-214,K-012,T-0910-S-214-181,4,606.36,441.46,444.12
2024-09-10,S-214,K-014,T-0910-S-214-182,4,688.9,501.66,504.86
2024-09-10,S-214,K-056,T-0910-S-214-183,1,79.27,57.69,58.02
2024-09-10,S-214,K-038,T-0910-S-214-184,3,206.55,150.5,151.4
2024-09-10,S-214,K-058,T-0910-S-214-185,4,399.61,290.96,292.81
2024-09-10,S-214,K-053,T-0910-S-214-186,3,144.65,105.35,106.12
2024-09-10,S-214,K-008,T-0910-S-214-187,1,110.22,80.27,80.75
2024-09-10,S-214,K-027,T-0910-S-214-188,1,130.86,95.31,95.93
2024-09-10,S-214,K-002,T-0910-S-214-189,5,241.08,175.58,176.87
2024-09-10,S-214,K-005,T-0910-S-214-190,3,237.8,173.07,174.05
2024-09-10,S-214,K-006,T-0910-S-214-191,1,89.58,65.22,65.65
2024-09-10,S-214,K-028,T-0910-S-214-192,1,141.27,102.84,103.48
2024-09-10,S-214,K-006,T-0910-S-214-193,5,447.92,326.08,328.27
2024-09-10,S-214,K-037,T-0910-S-214-194,5,292.66,213.2,214.6
2024-09-10,S-214,K-026,T-0910-S-214-195,2,241.08,175.58,176.59
2024-09-10,S-214,K-024,T-0910-S-214-196,4,399.61,290.96,292.81
2024-09-10,S-214,K-054,T-0910-S-214-197,1,58.53,42.64,42.92
2024-09-10,S-214,K-002,T-0910-S-214-198,3,144.65,105.35,106.12
2024-09-10,S-214,K-032,T-0910-S-214-199,3,547.63,398.82,401.29
2024-09-10,S-214,K-037,T-0910-S-214-200,3,175.6,127.92,128.76
2024-09-10,S-214,K-060,T-0910-S-214-201,3,361.61,263.37,264.89
2024-09-10,S-214,K-026,T-0910-S-214-202,2,241.08,175.58,176.59
2024-09-10,S-214,K-020,T-0910-S-214-203,2,117.07,85.28,85.84
2024-09-10,S-214,K-055,T-0910-S-214-204,4,275.4,200.66,201.87
2024-09-10,S-214,K-055,T-0910-S-214-205,2,137.7,100.33,100.94
2024-09-10,S-214,K-041,T-0910-S-214-206,5,499.51,363.7,366.01
2024-09-10,S-214,K-038,T-0910-S-214-207,2,137.7,100.33,100.94
2024-09-10,S-214,K-058,T-0910-S-214-208,2,199.8,145.48,146.4
2024-09-10,S-214,K-055,T-0910-S-214-209,1,68.85,50.17,50.47
2024-09-10,S-214,K-008,T-0910-S-214-210,4,440.88,321.06,323.0
2024-09-10,S-214,K-041,T-0910-S-214-211,4,399.61,290.96,292.81
2024-09-10,S-214,K-033,T-0910-S-214-212,2,385.72,280.93,282.62
2024-09-10,S-307,K-056,T-0910-S-307-000,3,237.8,173.07,174.05
2024-09-10,S-307,K-044,T-0910-S-307-001,1,130.86,95.31,95.93
2024-09-10,S-307,K-014,T-0910-S-307-002,1,172.23,125.41,126.22
2024-09-10,S-307,K-006,T-0910-S-307-003,2,179.17,130.43,131.31
2024-09-10,S-307,K-011,T-0910-S-307-004,4,565.09,411.36,413.93
2024-09-10,S-307,K-031,T-0910-S-307-005,2,344.45,250.83,252.43
2024-09-10,S-307,K-034,T-0910-S-307-006,5,137.9,100.33,100.94
2024-09-10,S-307,K-044,T-0910-S-307-007,1,130.86,95.31,95.93
2024-09-10,S-307,K-014,T-0910-S-307-008,1,172.23,125.41,126.22
2024-09-10,S-307,K-055,T-0910-S-307-009,4,275.4,200.66,201.87
2024-09-10,S-307,K-018,T-0910-S-307-010,5,189.49,137.96,138.67
2024-09-10,S-307,K-001,T-0910-S-307-011,1,37.9,27.59,27.73
2024-09-10,S-307,K-045,T-0910-S-307-012,4,565.09,411.36,413.93
2024-09-10,S-307,K-038,T-0910-S-307-013,3,206.55,150.5,151.4
2024-09-10,S-307,K-055,T-0910-S-307-014,2,137.7,100.33,100.94
2024-09-10,S-307,K-027,T-0910-S-307-015,3,392.57,285.94,287.8
2024-09-10,S-307,K-003,T-0910-S-307-016,3,175.6,127.92,128.76
2024-09-10,S-307,K-048,T-0910-S-307-017,3,516.68,376.24,378.65
2024-09-10,S-307,K-017,T-0910-S-307-018,4,110.32,80.27,80.75
2024-09-10,S-307,K-012,T-0910-S-307-019,5,757.95,551.82,555.15
2024-09-10,S-307,K-019,T-0910-S-307-020,4,192.86,140.46,141.49
2024-09-10,S-307,K-008,T-0910-S-307-021,1,110.22,80.27,80.75
2024-09-10,S-307,K-045,T-0910-S-307-022,5,706.36,514.2,517.41
2024-09-10,S-307,K-043,T-0910-S-307-023,1,120.54,87.79,88.3
2024-09-10,S-307,K-005,T-0910-S-307-024,1,79.27,57.69,58.02
2024-09-10,S-307,K-018,T-0910-S-307-025,1,37.9,27.59,27.73
2024-09-10,S-307,K-035,T-0910-S-307-026,1,37.9,27.59,27.73
2024-09-10,S-307,K-036,T-0910-S-307-027,4,192.86,140.46,141.49
2024-09-10,S-307,K-013,T-0910-S-307-028,4,647.63,471.56,474.31
2024-09-10,S-307,K-053,T-0910-S-307-029,3,144.65,105.35,106.12
2024-09-10,S-307,K-044,T-0910-S-307-030,1,130.86,95.31,95.93
2024-09-10,S-307,K-059,T-0910-S-307-031,2,220.44,160.53,161.5
2024-09-10,S-307,K-017,T-0910-S-307-032,3,82.74,60.2,60.56
2024-09-10,S-307,K-046,T-0910-S-307-033,3,454.77,331.09,333.09
2024-09-10,S-307,K-037,T-0910-S-307-034,1,58.53,42.64,42.92
2024-09-10,S-307,K-027,T-0910-S-307-035,1,130.86,95.31,95.93
2024-09-10,S-307,K-011,T-0910-S-307-036,2,282.54,205.68,206.96
2024-09-10,S-307,K-056,T-0910-S-307-037,5,396.34,288.45,290.08
2024-09-10,S-307,K-056,T-0910-S-307-038,5,396.34,288.45,290.08
2024-09-10,S-307,K-035,T-0910-S-307-039,2,75.79,55.18,55.47
2024-09-10,S-307,K-033,T-0910-S-307-040,5,964.3,702.32,706.55
2024-09-10,S-307,K-045,T-0910-S-307-041,1,141.27,102.84,103.48
2024-09-10,S-307,K-034,T-0910-S-307-042,1,27.58,20.07,20.19
2024-09-10,S-307,K-026,T-0910-S-307-043,3,361.61,263.37,264.89
2024-09-10,S-307,K-007,T-0910-S-307-044,1,99.9,72.74,73.2
2024-09-10,S-307,K-023,T-0910-S-307-045,5,447.92,326.08,328.27
2024-09-10,S-307,K-048,T-0910-S-307-046,1,172.23,125.41,126.22
2024-09-10,S-307,K-054,T-0910-S-307-047,4,234.13,170.56,171.68
2024-09-10,S-307,K-042,T-0910-S-307-048,2,220.44,160.53,161.5
2024-09-10,S-307,K-026,T-0910-S-307-049,1,120.54,87.79,88.3
2024-09-10,S-307,K-040,T-0910-S-307-050,3,268.75,195.65,196.96
2024-09-10,S-307,K-041,T-0910-S-307-051,2,199.8,145.48,146.4
2024-09-10,S-307,K-016,T-0910-S-307-052,2,385.72,280.93,282.62
2024-09-10,S-307,K-042,T-0910-S-307-053,4,440.88,321.06,323.0
2024-09-10,S-307,K-014,T-0910-S-307-054,4,688.9,501.66,504.86
2024-09-10,S-307,K-021,T-0910-S-307-055,5,344.25,250.83,252.34
2024-09-10,S-307,K-042,T-0910-S-307-056,1,110.22,80.27,80.75
2024-09-10,S-307,K-014,T-0910-S-307-057,4,688.9,501.66,504.86
2024-09-10,S-307,K-056,T-0910-S-307-058,3,237.8,173.07,174.05
2024-09-10,S-307,K-046,T-0910-S-307-059,5,757.95,551.82,555.15
2024-09-10,S-307,K-050,T-0910-S-307-060,2,385.72,280.93,282.62
2024-09-10,S-307,K-010,T-0910-S-307-061,1,130.86,95.31,95.93
2024-09-10,S-307,K-019,T-0910-S-307-062,2,96.43,70.23,70.75
2024-09-10,S-307,K-022,T-0910-S-307-063,3,237.8,173.07,174.05
2024-09-10,S-307,K-030,T-0910-S-307-064,3,485.72,353.67,355.73
2024-09-10,S-307,K-010,T-0910-S-307-065,2,261.71,190.63,191.87
2024-09-10,S-307,K-023,T-0910-S-307-066,5,447.92,326.08,328.27
2024-09-10,S-307,K-033,T-0910-S-307-067,1,192.86,140.46,141.31
2024-09-10,S-307,K-044,T-0910-S-307-068,3,392.57,285.94,287.8
2024-09-10,S-307,K-037,T-0910-S-307-069,2,117.07,85.28,85.84
2024-09-10,S-307,K-010,T-0910-S-307-070,5,654.28,476.57,479.67
2024-09-10,S-307,K-024,T-0910-S-307-071,5,499.51,363.7,366.01
2024-09-10,S-307,K-004,T-0910-S-307-072,3,206.55,150.5,151.4
2024-09-10,S-307,K-043,T-0910-S-307-073,4,482.15,351.16,353.19
2024-09-10,S-307,K-028,T-0910-S-307-074,3,423.82,308.52,310.45
2024-09-10,S-307,K-053,T-0910-S-307-075,5,241.08,175.58,176.87
2024-09-10,S-307,K-031,T-0910-S-307-076,1,172.23,125.41,126.22
2024-09-10,S-307,K-005,T-0910-S-307-077,5,396.34,288.45,290.08
2024-09-10,S-307,K-005,T-0910-S-307-078,1,79.27,57.69,58.02
2024-09-10,S-307,K-014,T-0910-S-307-079,3,516.68,376.24,378.65
2024-09-10,S-307,K-060,T-0910-S-307-080,5,602.69,438.95,441.48
2024-09-10,S-307,K-046,T-0910-S-307-081,5,757.95,551.82,555.15
2024-09-10,S-307,K-015,T-0910-S-307-082,1,182.54,132.94,133.76
2024-09-10,S-307,K-040,T-0910-S-307-083,2,179.17,130.43,131.31
2024-09-10,S-307,K-027,T-0910-S-307-084,3,392.57,285.94,287.8
2024-09-10,S-307,K-058,T-0910-S-307-085,4,399.61,290.96,292.81
2024-09-10,S-307,K-040,T-0910-S-307-086,2,179.17,130.43,131.31
2024-09-10,S-307,K-019,T-0910-S-307-087,3,144.65,105.35,106.12
2024-09-10,S-307,K-045,T-0910-S-307-088,2,282.54,205.68,206.96
2024-09-10,S-307,K-033,T-0910-S-307-089,1,192.86,140.46,141.31
2024-09-10,S-307,K-058,T-0910-S-307-090,5,499.51,363.7,366.01
2024-09-10,S-307,K-039,T-0910-S-307-091,5,396.34,288.45,290.08
2024-09-10,S-307,K-023,T-0910-S-307-092,3,268.75,195.65,196.96
2024-09-10,S-307,K-020,T-0910-S-307-093,2,117.07,85.28,85.84
2024-09-10,S-307,K-021,T-0910-S-307-094,1,68.85,50.17,50.47
2024-09-10,S-307,K-060,T-0910-S-307-095,1,120.54,87.79,88.3
2024-09-10,S-307,K-023,T-0910-S-307-096,2,179.17,130.43,131.31
2024-09-10,S-307,K-038,T-0910-S-307-097,3,206.55,150.5,151.4
2024-09-10,S-307,K-036,T-0910-S-307-098,2,96.43,70.23,70.75
2024-09-10,S-307,K-025,T-0910-S-307-099,3,330.66,240.8,242.25
2024-09-10,S-307,K-042,T-0910-S-307-100,2,220.44,160.53,161.5
2024-09-10,S-307,K-003,T-0910-S-307-101,1,58.53,42.64,42.92
2024-09-10,S-307,K-010,T-0910-S-307-102,3,392.57,285.94,287.8
2024-09-10,S-307,K-015,T-0910-S-307-103,3,547.63,398.82,401.29
2024-09-10,S-307,K-030,T-0910-S-307-104,1,161.91,117.89,118.58
2024-09-10,S-307,K-033,T-0910-S-307-105,4,771.44,561.86,565.24
2024-09-10,S-307,K-033,T-0910-S-307-106,2,385.72,280.93,282.62
2024-09-10,S-307,K-043,T-0910-S-307-107,2,241.08,175.58,176.59
2024-09-10,S-307,K-006,T-0910-S-307-108,2,179.17,130.43,131.31
2024-09-10,S-307,K-008,T-0910-S-307-109,5,551.1,401.33,403.74
2024-09-10,S-307,K-050,T-0910-S-307-110,2,385.72,280.93,282.62
2024-09-10,S-307,K-045,T-0910-S-307-111,1,141.27,102.84,103.48
2024-09-10,S-307,K-037,T-0910-S-307-112,3,175.6,127.92,128.76
2024-09-10,S-307,K-001,T-0910-S-307-113,5,189.49,137.96,138.67
2024-09-10,S-307,K-054,T-0910-S-307-114,1,58.53,42.64,42.92
2024-09-10,S-307,K-040,T-0910-S-307-115,4,358.34,260.86,262.62
2024-09-10,S-307,K-056,T-0910-S-307-116,1,79.27,57.69,58.02
2024-09-10,S-307,K-050,T-0910-S-307-117,1,192.86,140.46,141.31
2024-09-10,S-307,K-005,T-0910-S-307-118,1,79.27,57.69,58.02
2024-09-10,S-307,K-033,T-0910-S-307-119,2,385.72,280.93,282.62
2024-09-10,S-307,K-052,T-0910-S-307-120,5,189.49,137.96,138.67
2024-09-10,S-307,K-002,T-0910-S-307-121,3,144.65,105.35,106.12
2024-09-10,S-307,K-042,T-0910-S-307-122,1,110.22,80.27,80.75
2024-09-10,S-307,K-046,T-0910-S-307-123,1,151.59,110.36,111.03
2024-09-10,S-307,K-032,T-0910-S-307-124,4,730.17,531.76,535.05
2024-09-10,S-307,K-018,T-0910-S-307-125,2,75.79,55.18,55.47
2024-09-10,S-307,K-029,T-0910-S-307-126,5,757.95,551.82,555.15
2024-09-10,S-307,K-039,T-0910-S-307-127,2,158.53,115.38,116.03
2024-09-10,S-307,K-014,T-0910-S-307-128,5,861.13,627.07,631.08
2024-09-10,S-307,K-038,T-0910-S-307-129,2,137.7,100.33,100.94
2024-09-10,S-307,K-009,T-0910-S-307-130,3,361.61,263.37,264.89
2024-09-10,S-307,K-001,T-0910-S-307-131,2,75.79,55.18,55.47
2024-09-10,S-307,K-035,T-0910-S-307-132,2,75.79,55.18,55.47
2024-09-10,S-307,K-014,T-0910-S-307-133,1,172.23,125.41,126.22
2024-09-10,S-307,K-013,T-0910-S-307-134,1,161.91,117.89,118.58
2024-09-10,S-307,K-058,T-0910-S-307-135,5,499.51,363.7,366.01
2024-09-10,S-307,K-035,T-0910-S-307-136,1,37.9,27.59,27.73
2024-09-10,S-307,K-009,T-0910-S-307-137,4,482.15,351.16,353.19
2024-09-10,S-307,K-015,T-0910-S-307-138,3,547.63,398.82,401.29
2024-09-10,S-307,K-010,T-0910-S-307-139,3,392.44,286.16,287.99
2024-09-09,S-110,K-031,T-0909-S-110-000,2,34.72,25.0,27.76
2024-09-09,S-110,K-042,T-0909-S-110-001,2,22.22,16.0,17.76
2024-09-09,S-110,K-026,T-0909-S-110-002,1,12.15,8.75,9.71
2024-09-09,S-110,K-029,T-0909-S-110-003,2,30.56,22.0,24.42
2024-09-09,S-110,K-052,T-0909-S-110-004,2,7.64,5.5,6.1
2024-09-09,S-110,K-052,T-0909-S-110-005,1,3.82,2.75,3.05
2024-09-09,S-110,K-019,T-0909-S-110-006,2,9.72,7.0,7.78
2024-09-09,S-110,K-023,T-0909-S-110-007,2,18.06,13.0,14.44
2024-09-09,S-110,K-050,T-0909-S-110-008,2,38.88,28.0,31.08
2024-09-09,S-110,K-032,T-0909-S-110-009,4,73.6,53.0,58.84
2024-09-09,S-110,K-014,T-0909-S-110-010,1,17.36,12.5,13.88
2024-09-09,S-110,K-045,T-0909-S-110-011,2,28.48,20.5,22.76
2024-09-09,S-110,K-036,T-0909-S-110-012,3,14.58,10.5,11.67
2024-09-09,S-110,K-036,T-0909-S-110-013,4,19.44,14.0,15.56
2024-09-09,S-110,K-005,T-0909-S-110-014,3,23.97,17.25,19.14
2024-09-09,S-110,K-057,T-0909-S-110-015,2,18.06,13.0,14.44
2024-09-09,S-110,K-007,T-0909-S-110-016,1,10.07,7.25,8.05
2024-09-09,S-110,K-047,T-0909-S-110-017,2,32.64,23.5,26.08
2024-09-09,S-110,K-018,T-0909-S-110-018,3,11.46,8.25,9.15
2024-09-09,S-110,K-003,T-0909-S-110-019,3,17.7,12.75,14.16
2024-09-09,S-110,K-024,T-0909-S-110-020,2,20.14,14.5,16.1
2024-09-09,S-110,K-031,T-0909-S-110-021,3,52.08,37.5,41.64
2024-09-09,S-110,K-015,T-0909-S-110-022,4,73.6,53.0,58.84
2024-09-09,S-110,K-038,T-0909-S-110-023,4,27.76,20.0,22.2
2024-09-09,S-110,K-019,T-0909-S-110-024,1,4.86,3.5,3.89
2024-09-09,S-110,K-038,T-0909-S-110-025,1,6.94,5.0,5.55
2024-09-09,S-110,K-059,T-0909-S-110-026,2,22.22,16.0,17.76
2024-09-09,S-110,K-052,T-0909-S-110-027,2,7.64,5.5,6.1
2024-09-09,S-110,K-027,T-0909-S-110-028,4,52.76,38.0,42.2
2024-09-09,S-110,K-045,T-0909-S-110-029,1,14.24,10.25,11.38
2024-09-09,S-110,K-047,T-0909-S-110-030,2,32.64,23.5,26.08
2024-09-09,S-110,K-034,T-0909-S-110-031,1,2.78,2.0,2.22
2024-09-09,S-110,K-011,T-0909-S-110-032,2,28.48,20.5,22.76
2024-09-09,S-110,K-050,T-0909-S-110-033,2,38.88,28.0,31.08
2024-09-09,S-110,K-030,T-0909-S-110-034,1,16.32,11.75,13.04
2024-09-09,S-110,K-012,T-0909-S-110-035,1,15.28,11.0,12.21
2024-09-09,S-110,K-032,T-0909-S-110-036,1,18.4,13.25,14.71
2024-09-09,S-110,K-047,T-0909-S-110-037,4,65.28,47.0,52.16
2024-09-09,S-110,K-056,T-0909-S-110-038,4,31.96,23.0,25.52
2024-09-09,S-110,K-041,T-0909-S-110-039,3,30.21,21.75,24.15
2024-09-09,S-110,K-011,T-0909-S-110-040,4,56.96,41.0,45.52
2024-09-09,S-110,K-043,T-0909-S-110-041,2,24.3,17.5,19.42
2024-09-09,S-110,K-011,T-0909-S-110-042,1,14.24,10.25,11.38
2024-09-09,S-110,K-058,T-0909-S-110-043,3,30.21,21.75,24.15
2024-09-09,S-110,K-030,T-0909-S-110-044,1,16.32,11.75,13.04
2024-09-09,S-110,K-025,T-0909-S-110-045,4,44.44,32.0,35.52
2024-09-09,S-110,K-019,T-0909-S-110-046,1,4.86,3.5,3.89
2024-09-09,S-110,K-008,T-0909-S-110-047,3,33.33,24.0,26.64
2024-09-09,S-110,K-043,T-0909-S-110-048,4,48.6,35.0,38.84
2024-09-09,S-110,K-016,T-0909-S-110-049,2,38.88,28.0,31.08
2024-09-09,S-110,K-001,T-0909-S-110-050,2,7.64,5.5,6.1
2024-09-09,S-110,K-015,T-0909-S-110-051,4,73.6,53.0,58.84
2024-09-09,S-110,K-041,T-0909-S-110-052,1,10.07,7.25,8.05
2024-09-09,S-110,K-057,T-0909-S-110-053,2,18.06,13.0,14.44
2024-09-09,S-110,K-012,T-0909-S-110-054,2,30.56,22.0,24.42
2024-09-09,S-110,K-038,T-0909-S-110-055,3,20.82,15.0,16.65
2024-09-09,S-110,K-046,T-0909-S-110-056,2,30.56,22.0,24.42
2024-09-09,S-110,K-021,T-0909-S-110-057,4,27.76,20.0,22.2
2024-09-09,S-110,K-051,T-0909-S-110-058,4,11.12,8.0,8.88
2024-09-09,S-110,K-035,T-0909-S-110-059,2,7.64,5.5,6.1
2024-09-09,S-110,K-012,T-0909-S-110-060,3,45.84,33.0,36.63
2024-09-09,S-110,K-009,T-0909-S-110-061,4,48.6,35.0,38.84
2024-09-09,S-110,K-046,T-0909-S-110-062,4,61.12,44.0,48.84
2024-09-09,S-110,K-059,T-0909-S-110-063,2,22.22,16.0,17.76
2024-09-09,S-110,K-051,T-0909-S-110-064,3,8.34,6.0,6.66
2024-09-09,S-110,K-049,T-0909-S-110-065,4,73.6,53.0,58.84
2024-09-09,S-110,K-048,T-0909-S-110-066,4,69.44,50.0,55.52
2024-09-09,S-110,K-040,T-0909-S-110-067,4,36.12,26.0,28.88
2024-09-09,S-110,K-042,T-0909-S-110-068,3,33.33,24.0,26.64
2024-09-09,S-110,K-034,T-0909-S-110-069,1,2.78,2.0,2.22
2024-09-09,S-110,K-014,T-0909-S-110-070,1,17.36,12.5,13.88
2024-09-09,S-110,K-009,T-0909-S-110-071,1,12.15,8.75,9.71
2024-09-09,S-110,K-049,T-0909-S-110-072,1,18.4,13.25,14.71
2024-09-09,S-110,K-011,T-0909-S-110-073,4,56.96,41.0,45.52
2024-09-09,S-110,K-049,T-0909-S-110-074,4,73.6,53.0,58.84
2024-09-09,S-110,K-009,T-0909-S-110-075,2,24.3,17.5,19.42
2024-09-09,S-110,K-043,T-0909-S-110-076,4,48.6,35.0,38.84
2024-09-09,S-110,K-032,T-0909-S-110-077,2,36.8,26.5,29.42
2024-09-09,S-110,K-058,T-0909-S-110-078,3,30.21,21.75,24.15
2024-09-09,S-110,K-054,T-0909-S-110-079,2,11.8,8.5,9.44
2024-09-09,S-214,K-044,T-0909-S-214-000,3,39.57,28.5,31.65
2024-09-09,S-214,K-006,T-0909-S-214-001,1,9.03,6.5,7.22
2024-09-09,S-214,K-035,T-0909-S-214-002,2,7.64,5.5,6.1
2024-09-09,S-214,K-004,T-0909-S-214-003,4,27.76,20.0,22.2
2024-09-09,S-214,K-058,T-0909-S-214-004,2,20.14,14.5,16.1
2024-09-09,S-214,K-002,T-0909-S-214-005,3,14.58,10.5,11.67
2024-09-09,S-214,K-006,T-0909-S-214-006,1,9.03,6.5,7.22
2024-09-09,S-214,K-036,T-0909-S-214-007,2,9.72,7.0,7.78
2024-09-09,S-214,K-004,T-0909-S-214-008,2,13.88,10.0,11.1
2024-09-09,S-214,K-016,T-0909-S-214-009,4,77.76,56.0,62.16
2024-09-09,S-214,K-001,T-0909-S-214-010,1,3.82,2.75,3.05
2024-09-09,S-214,K-060,T-0909-S-214-011,1,12.15,8.75,9.71
2024-09-09,S-214,K-036,T-0909-S-214-012,3,14.58,10.5,11.67
2024-09-09,S-214,K-020,T-0909-S-214-013,2,11.8,8.5,9.44
2024-09-09,S-214,K-018,T-0909-S-214-014,3,11.46,8.25,9.15
2024-09-09,S-214,K-027,T-0909-S-214-015,2,26.38,19.0,21.1
2024-09-09,S-214,K-051,T-0909-S-214-016,3,8.34,6.0,6.66
2024-09-09,S-214,K-048,T-0909-S-214-017,3,52.08,37.5,41.64
2024-09-09,S-214,K-050,T-0909-S-214-018,1,19.44,14.0,15.54
2024-09-09,S-214,K-043,T-0909-S-214-019,1,12.15,8.75,9.71
2024-09-09,S-214,K-011,T-0909-S-214-020,3,42.72,30.75,34.14
2024-09-09,S-214,K-027,T-0909-S-214-021,3,39.57,28.5,31.65
2024-09-09,S-214,K-015,T-0909-S-214-022,1,18.4,13.25,14.71
2024-09-09,S-214,K-042,T-0909-S-214-023,1,11.11,8.0,8.88
2024-09-09,S-214,K-059,T-0909-S-214-024,2,22.22,16.0,17.76
2024-09-09,S-214,K-033,T-0909-S-214-025,2,38.88,28.0,31.08
2024-09-09,S-214,K-018,T-0909-S-214-026,1,3.82,2.75,3.05
2024-09-09,S-214,K-054,T-0909-S-214-027,2,11.8,8.5,9.44
2024-09-09,S-214,K-007,T-0909-S-214-028,1,10.07,7.25,8.05
2024-09-09,S-214,K-034,T-0909-S-214-029,1,2.78,2.0,2.22
2024-09-09,S-214,K-032,T-0909-S-214-030,1,18.4,13.25,14.71
2024-09-09,S-214,K-021,T-0909-S-214-031,2,13.88,10.0,11.1
2024-09-09,S-214,K-038,T-0909-S-214-032,1,6.94,5.0,5.55
2024-09-09,S-214,K-051,T-0909-S-214-033,4,11.12,8.0,8.88
2024-09-09,S-214,K-006,T-0909-S-214-034,4,36.12,26.0,28.88
2024-09-09,S-214,K-026,T-0909-S-214-035,2,24.3,17.5,19.42
2024-09-09,S-214,K-031,T-0909-S-214-036,3,52.08,37.5,41.64
2024-09-09,S-214,K-048,T-0909-S-214-037,2,34.72,25.0,27.76
2024-09-09,S-214,K-021,T-0909-S-214-038,2,13.88,10.0,11.1
2024-09-09,S-214,K-048,T-0909-S-214-039,1,17.36,12.5,13.88
2024-09-09,S-214,K-041,T-0909-S-214-040,2,20.14,14.5,16.1
2024-09-09,S-214,K-044,T-0909-S-214-041,4,52.76,38.0,42.2
2024-09-09,S-214,K-019,T-0909-S-214-042,1,4.86,3.5,3.89
2024-09-09,S-214,K-029,T-0909-S-214-043,4,61.12,44.0,48.84
2024-09-09,S-214,K-047,T-0909-S-214-044,2,32.64,23.5,26.08
2024-09-09,S-214,K-019,T-0909-S-214-045,2,9.72,7.0,7.78
2024-09-09,S-214,K-056,T-0909-S-214-046,4,31.96,23.0,25.52
2024-09-09,S-214,K-004,T-0909-S-214-047,3,20.82,15.0,16.65
2024-09-09,S-214,K-052,T-0909-S-214-048,4,15.28,11.0,12.2
2024-09-09,S-214,K-060,T-0909-S-214-049,4,48.6,35.0,38.84
2024-09-09,S-214,K-006,T-0909-S-214-050,2,18.06,13.0,14.44
2024-09-09,S-214,K-038,T-0909-S-214-051,1,6.94,5.0,5.55
2024-09-09,S-214,K-025,T-0909-S-214-052,1,11.11,8.0,8.88
2024-09-09,S-214,K-035,T-0909-S-214-053,2,7.64,5.5,6.1
2024-09-09,S-214,K-018,T-0909-S-214-054,2,7.64,5.5,6.1
2024-09-09,S-214,K-031,T-0909-S-214-055,2,34.72,25.0,27.76
2024-09-09,S-214,K-027,T-0909-S-214-056,3,39.57,28.5,31.65
2024-09-09,S-214,K-051,T-0909-S-214-057,4,11.12,8.0,8.88
2024-09-09,S-214,K-048,T-0909-S-214-058,1,17.36,12.5,13.88
2024-09-09,S-214,K-008,T-0909-S-214-059,4,44.44,32.0,35.52
2024-09-09,S-214,K-049,T-0909-S-214-060,1,18.4,13.25,14.71
2024-09-09,S-214,K-051,T-0909-S-214-061,2,5.56,4.0,4.44
2024-09-09,S-214,K-038,T-0909-S-214-062,1,6.94,5.0,5.55
2024-09-09,S-214,K-009,T-0909-S-214-063,1,12.15,8.75,9.71
2024-09-09,S-214,K-025,T-0909-S-214-064,1,11.11,8.0,8.88
2024-09-09,S-214,K-022,T-0909-S-214-065,4,31.96,23.0,25.52
2024-09-09,S-214,K-009,T-0909-S-214-066,4,48.6,35.0,38.84
2024-09-09,S-214,K-005,T-0909-S-214-067,1,7.99,5.75,6.38
2024-09-09,S-214,K-034,T-0909-S-214-068,4,11.12,8.0,8.88
2024-09-09,S-214,K-023,T-0909-S-214-069,3,27.09,19.5,21.66
2024-09-09,S-214,K-052,T-0909-S-214-070,4,15.28,11.0,12.2
2024-09-09,S-214,K-030,T-0909-S-214-071,3,48.96,35.25,39.12
2024-09-09,S-214,K-016,T-0909-S-214-072,4,77.76,56.0,62.16
2024-09-09,S-214,K-031,T-0909-S-214-073,4,69.44,50.0,55.52
2024-09-09,S-214,K-053,T-0909-S-214-074,4,19.44,14.0,15.56
2024-09-09,S-214,K-027,T-0909-S-214-075,3,39.57,28.5,31.65
2024-09-09,S-214,K-045,T-0909-S-214-076,1,14.24,10.25,11.38
2024-09-09,S-214,K-059,T-0909-S-214-077,2,22.22,16.0,17.76
2024-09-09,S-214,K-050,T-0909-S-214-078,2,38.88,28.0,31.08
2024-09-09,S-214,K-017,T-0909-S-214-079,1,2.78,2.0,2.22
2024-09-09,S-307,K-054,T-0909-S-307-000,3,17.7,12.75,14.16
2024-09-09,S-307,K-011,T-0909-S-307-001,4,56.96,41.0,45.52
2024-09-09,S-307,K-039,T-0909-S-307-002,3,23.97,17.25,19.14
2024-09-09,S-307,K-016,T-0909-S-307-003,1,19.44,14.0,15.54
2024-09-09,S-307,K-051,T-0909-S-307-004,3,8.34,6.0,6.66
2024-09-09,S-307,K-044,T-0909-S-307-005,3,39.57,28.5,31.65
2024-09-09,S-307,K-037,T-0909-S-307-006,4,23.6,17.0,18.88
2024-09-09,S-307,K-005,T-0909-S-307-007,2,15.98,11.5,12.76
2024-09-09,S-307,K-058,T-0909-S-307-008,2,20.14,14.5,16.1
2024-09-09,S-307,K-027,T-0909-S-307-009,2,26.38,19.0,21.1
2024-09-09,S-307,K-058,T-0909-S-307-010,2,20.14,14.5,16.1
2024-09-09,S-307,K-013,T-0909-S-307-011,2,32.64,23.5,26.08
2024-09-09,S-307,K-028,T-0909-S-307-012,4,56.96,41.0,45.52
2024-09-09,S-307,K-001,T-0909-S-307-013,2,7.64,5.5,6.1
2024-09-09,S-307,K-056,T-0909-S-307-014,2,15.98,11.5,12.76
2024-09-09,S-307,K-015,T-0909-S-307-015,3,55.2,39.75,44.13
2024-09-09,S-307,K-033,T-0909-S-307-016,2,38.88,28.0,31.08
2024-09-09,S-307,K-028,T-0909-S-307-017,3,42.72,30.75,34.14
2024-09-09,S-307,K-035,T-0909-S-307-018,2,7.64,5.5,6.1
2024-09-09,S-307,K-041,T-0909-S-307-019,2,20.14,14.5,16.1
2024-09-09,S-307,K-004,T-0909-S-307-020,3,20.82,15.0,16.65
2024-09-09,S-307,K-012,T-0909-S-307-021,1,15.28,11.0,12.21
2024-09-09,S-307,K-034,T-0909-S-307-022,3,8.34,6.0,6.66
2024-09-09,S-307,K-031,T-0909-S-307-023,3,52.08,37.5,41.64
2024-09-09,S-307,K-027,T-0909-S-307-024,3,39.57,28.5,31.65
2024-09-09,S-307,K-009,T-0909-S-307-025,3,36.45,26.25,29.13
2024-09-09,S-307,K-009,T-0909-S-307-026,1,12.15,8.75,9.71
2024-09-09,S-307,K-030,T-0909-S-307-027,4,65.28,47.0,52.16
2024-09-09,S-307,K-028,T-0909-S-307-028,2,28.48,20.5,22.76
2024-09-09,S-307,K-041,T-0909-S-307-029,3,30.21,21.75,24.15
2024-09-09,S-307,K-020,T-0909-S-307-030,1,5.9,4.25,4.72
2024-09-09,S-307,K-044,T-0909-S-307-031,2,26.38,19.0,21.1
2024-09-09,S-307,K-035,T-0909-S-307-032,2,7.64,5.5,6.1
2024-09-09,S-307,K-030,T-0909-S-307-033,4,65.28,47.0,52.16
2024-09-09,S-307,K-033,T-0909-S-307-034,4,77.76,56.0,62.16
2024-09-09,S-307,K-055,T-0909-S-307-035,1,6.94,5.0,5.55
2024-09-09,S-307,K-050,T-0909-S-307-036,3,58.32,42.0,46.62
2024-09-09,S-307,K-013,T-0909-S-307-037,2,32.64,23.5,26.08
2024-09-09,S-307,K-031,T-0909-S-307-038,1,17.36,12.5,13.88
2024-09-09,S-307,K-007,T-0909-S-307-039,3,30.21,21.75,24.15
2024-09-09,S-307,K-046,T-0909-S-307-040,3,45.84,33.0,36.63
2024-09-09,S-307,K-033,T-0909-S-307-041,1,19.44,14.0,15.54
2024-09-09,S-307,K-020,T-0909-S-307-042,2,11.8,8.5,9.44
2024-09-09,S-307,K-014,T-0909-S-307-043,4,69.44,50.0,55.52
2024-09-09,S-307,K-005,T-0909-S-307-044,1,7.99,5.75,6.38
2024-09-09,S-307,K-003,T-0909-S-307-045,2,11.8,8.5,9.44
2024-09-09,S-307,K-025,T-0909-S-307-046,1,11.11,8.0,8.88
2024-09-09,S-307,K-001,T-0909-S-307-047,1,3.82,2.75,3.05
2024-09-09,S-307,K-003,T-0909-S-307-048,4,23.6,17.0,18.88
2024-09-09,S-307,K-020,T-0909-S-307-049,2,11.8,8.5,9.44
2024-09-09,S-307,K-051,T-0909-S-307-050,3,8.34,6.0,6.66
2024-09-09,S-307,K-024,T-0909-S-307-051,1,10.07,7.25,8.05
2024-09-09,S-307,K-041,T-0909-S-307-052,4,40.28,29.0,32.2
2024-09-09,S-307,K-002,T-0909-S-307-053,4,19.44,14.0,15.56
2024-09-09,S-307,K-048,T-0909-S-307-054,1,17.36,12.5,13.88
2024-09-09,S-307,K-026,T-0909-S-307-055,4,48.6,35.0,38.84
2024-09-09,S-307,K-030,T-0909-S-307-056,2,32.64,23.5,26.08
2024-09-09,S-307,K-035,T-0909-S-307-057,1,3.82,2.75,3.05
2024-09-09,S-307,K-046,T-0909-S-307-058,1,15.28,11.0,12.21
2024-09-09,S-307,K-012,T-0909-S-307-059,2,30.56,22.0,24.42
2024-09-09,S-307,K-060,T-0909-S-307-060,4,48.6,35.0,38.84
2024-09-09,S-307,K-052,T-0909-S-307-061,1,3.82,2.75,3.05
2024-09-09,S-307,K-016,T-0909-S-307-062,3,58.32,42.0,46.62
2024-09-09,S-307,K-058,T-0909-S-307-063,1,10.07,7.25,8.05
2024-09-09,S-307,K-059,T-0909-S-307-064,3,33.33,24.0,26.64
2024-09-09,S-307,K-039,T-0909-S-307-065,3,23.97,17.25,19.14
2024-09-09,S-307,K-001,T-0909-S-307-066,1,3.82,2.75,3.05
2024-09-09,S-307,K-036,T-0909-S-307-067,4,19.44,14.0,15.56
2024-09-09,S-307,K-037,T-0909-S-307-068,2,11.8,8.5,9.44
2024-09-09,S-307,K-014,T-0909-S-307-069,3,52.08,37.5,41.64
2024-09-09,S-307,K-023,T-0909-S-307-070,4,36.12,26.0,28.88
2024-09-09,S-307,K-040,T-0909-S-307-071,4,36.12,26.0,28.88
2024-09-09,S-307,K-056,T-0909-S-307-072,1,7.99,5.75,6.38
2024-09-09,S-307,K-043,T-0909-S-307-073,1,12.15,8.75,9.71
2024-09-09,S-307,K-020,T-0909-S-307-074,1,5.9,4.25,4.72
2024-09-09,S-307,K-033,T-0909-S-307-075,4,77.76,56.0,62.16
2024-09-09,S-307,K-047,T-0909-S-307-076,1,16.32,11.75,13.04
2024-09-09,S-307,K-002,T-0909-S-307-077,4,19.44,14.0,15.56
2024-09-09,S-307,K-039,T-0909-S-307-078,4,31.96,23.0,25.52
2024-09-09,S-307,K-050,T-0909-S-307-079,1,19.44,14.0,15.54
2024-09-11,S-110,K-003,T-0911-S-110-000,4,23.6,17.0,18.88
2024-09-11,S-110,K-008,T-0911-S-110-001,3,33.33,24.0,26.64
2024-09-11,S-110,K-008,T-0911-S-110-002,4,44.44,32.0,35.52
2024-09-11,S-110,K-042,T-0911-S-110-003,3,33.33,24.0,26.64
2024-09-11,S-110,K-052,T-0911-S-110-004,4,15.28,11.0,12.2
2024-09-11,S-110,K-029,T-0911-S-110-005,4,61.12,44.0,48.84
2024-09-11,S-110,K-020,T-0911-S-110-006,4,23.6,17.0,18.88
2024-09-11,S-110,K-013,T-0911-S-110-007,3,48.96,35.25,39.12
2024-09-11,S-110,K-059,T-0911-S-110-008,4,44.44,32.0,35.52
2024-09-11,S-110,K-021,T-0911-S-110-009,3,20.82,15.0,16.65
2024-09-11,S-110,K-054,T-0911-S-110-010,3,17.7,12.75,14.16
2024-09-11,S-110,K-022,T-0911-S-110-011,4,31.96,23.0,25.52
2024-09-11,S-110,K-013,T-0911-S-110-012,3,48.96,35.25,39.12
2024-09-11,S-110,K-008,T-0911-S-110-013,1,11.11,8.0,8.88
2024-09-11,S-110,K-007,T-0911-S-110-014,3,30.21,21.75,24.15
2024-09-11,S-110,K-028,T-0911-S-110-015,2,28.48,20.5,22.76
2024-09-11,S-110,K-013,T-0911-S-110-016,4,65.28,47.0,52.16
2024-09-11,S-110,K-014,T-0911-S-110-017,1,17.36,12.5,13.88
2024-09-11,S-110,K-034,T-0911-S-110-018,2,5.56,4.0,4.44
2024-09-11,S-110,K-038,T-0911-S-110-019,1,6.94,5.0,5.55
2024-09-11,S-110,K-007,T-0911-S-110-020,3,30.21,21.75,24.15
2024-09-11,S-110,K-060,T-0911-S-110-021,4,48.6,35.0,38.84
2024-09-11,S-110,K-040,T-0911-S-110-022,3,27.09,19.5,21.66
2024-09-11,S-110,K-045,T-0911-S-110-023,4,56.96,41.0,45.52
2024-09-11,S-110,K-038,T-0911-S-110-024,3,20.82,15.0,16.65
2024-09-11,S-110,K-026,T-0911-S-110-025,1,12.15,8.75,9.71
2024-09-11,S-110,K-022,T-0911-S-110-026,2,15.98,11.5,12.76
2024-09-11,S-110,K-002,T-0911-S-110-027,3,14.58,10.5,11.67
2024-09-11,S-110,K-051,T-0911-S-110-028,3,8.34,6.0,6.66
2024-09-11,S-110,K-022,T-0911-S-110-029,4,31.96,23.0,25.52
2024-09-11,S-110,K-049,T-0911-S-110-030,4,73.6,53.0,58.84
2024-09-11,S-110,K-058,T-0911-S-110-031,1,10.07,7.25,8.05
2024-09-11,S-110,K-006,T-0911-S-110-032,3,27.09,19.5,21.66
2024-09-11,S-110,K-034,T-0911-S-110-033,3,8.34,6.0,6.66
2024-09-11,S-110,K-018,T-0911-S-110-034,4,15.28,11.0,12.2
2024-09-11,S-110,K-048,T-0911-S-110-035,3,52.08,37.5,41.64
2024-09-11,S-110,K-008,T-0911-S-110-036,4,44.44,32.0,35.52
2024-09-11,S-110,K-028,T-0911-S-110-037,4,56.96,41.0,45.52
2024-09-11,S-110,K-006,T-0911-S-110-038,1,9.03,6.5,7.22
2024-09-11,S-110,K-011,T-0911-S-110-039,4,56.96,41.0,45.52
2024-09-11,S-110,K-005,T-0911-S-110-040,4,31.96,23.0,25.52
2024-09-11,S-110,K-026,T-0911-S-110-041,1,12.15,8.75,9.71
2024-09-11,S-110,K-041,T-0911-S-110-042,3,30.21,21.75,24.15
2024-09-11,S-110,K-039,T-0911-S-110-043,3,23.97,17.25,19.14
2024-09-11,S-110,K-009,T-0911-S-110-044,1,12.15,8.75,9.71
2024-09-11,S-110,K-003,T-0911-S-110-045,1,5.9,4.25,4.72
2024-09-11,S-110,K-022,T-0911-S-110-046,2,15.98,11.5,12.76
2024-09-11,S-110,K-013,T-0911-S-110-047,3,48.96,35.25,39.12
2024-09-11,S-110,K-034,T-0911-S-110-048,1,2.78,2.0,2.22
2024-09-11,S-110,K-036,T-0911-S-110-049,3,14.58,10.5,11.67
2024-09-11,S-110,K-042,T-0911-S-110-050,4,44.44,32.0,35.52
2024-09-11,S-110,K-044,T-0911-S-110-051,3,39.57,28.5,31.65
2024-09-11,S-110,K-016,T-0911-S-110-052,2,38.88,28.0,31.08
2024-09-11,S-110,K-057,T-0911-S-110-053,1,9.03,6.5,7.22
2024-09-11,S-110,K-009,T-0911-S-110-054,3,36.45,26.25,29.13
2024-09-11,S-110,K-039,T-0911-S-110-055,4,31.96,23.0,25.52
2024-09-11,S-110,K-020,T-0911-S-110-056,3,17.7,12.75,14.16
2024-09-11,S-110,K-003,T-0911-S-110-057,1,5.9,4.25,4.72
2024-09-11,S-110,K-001,T-0911-S-110-058,4,15.28,11.0,12.2
2024-09-11,S-110,K-023,T-0911-S-110-059,4,36.12,26.0,28.88
2024-09-11,S-110,K-019,T-0911-S-110-060,1,4.86,3.5,3.89
2024-09-11,S-110,K-049,T-0911-S-110-061,3,55.2,39.75,44.13
2024-09-11,S-110,K-018,T-0911-S-110-062,4,15.28,11.0,12.2
2024-09-11,S-110,K-047,T-0911-S-110-063,1,16.32,11.75,13.04
2024-09-11,S-110,K-047,T-0911-S-110-064,3,48.96,35.25,39.12
2024-09-11,S-110,K-057,T-0911-S-110-065,3,27.09,19.5,21.66
2024-09-11,S-110,K-011,T-0911-S-110-066,3,42.72,30.75,34.14
2024-09-11,S-110,K-043,T-0911-S-110-067,2,24.3,17.5,19.42
2024-09-11,S-110,K-060,T-0911-S-110-068,1,12.15,8.75,9.71
2024-09-11,S-110,K-007,T-0911-S-110-069,1,10.07,7.25,8.05
2024-09-11,S-110,K-023,T-0911-S-110-070,1,9.03,6.5,7.22
2024-09-11,S-110,K-029,T-0911-S-110-071,2,30.56,22.0,24.42
2024-09-11,S-110,K-033,T-0911-S-110-072,4,77.76,56.0,62.16
2024-09-11,S-110,K-045,T-0911-S-110-073,1,14.24,10.25,11.38
2024-09-11,S-110,K-037,T-0911-S-110-074,4,23.6,17.0,18.88
2024-09-11,S-110,K-036,T-0911-S-110-075,3,14.58,10.5,11.67
2024-09-11,S-110,K-028,T-0911-S-110-076,4,56.96,41.0,45.52
2024-09-11,S-110,K-055,T-0911-S-110-077,1,6.94,5.0,5.55
2024-09-11,S-110,K-035,T-0911-S-110-078,3,11.46,8.25,9.15
2024-09-11,S-110,K-053,T-0911-S-110-079,2,9.72,7.0,7.78
2024-09-11,S-214,K-060,T-0911-S-214-000,2,24.3,17.5,19.42
2024-09-11,S-214,K-023,T-0911-S-214-001,1,9.03,6.5,7.22
2024-09-11,S-214,K-015,T-0911-S-214-002,2,36.8,26.5,29.42
2024-09-11,S-214,K-060,T-0911-S-214-003,1,12.15,8.75,9.71
2024-09-11,S-214,K-001,T-0911-S-214-004,3,11.46,8.25,9.15
2024-09-11,S-214,K-052,T-0911-S-214-005,1,3.82,2.75,3.05
2024-09-11,S-214,K-028,T-0911-S-214-006,1,14.24,10.25,11.38
2024-09-11,S-214,K-006,T-0911-S-214-007,3,27.09,19.5,21.66
2024-09-11,S-214,K-003,T-0911-S-214-008,1,5.9,4.25,4.72
2024-09-11,S-214,K-029,T-0911-S-214-009,1,15.28,11.0,12.21
2024-09-11,S-214,K-005,T-0911-S-214-010,2,15.98,11.5,12.76
2024-09-11,S-214,K-035,T-0911-S-214-011,1,3.82,2.75,3.05
2024-09-11,S-214,K-055,T-0911-S-214-012,3,20.82,15.0,16.65
2024-09-11,S-214,K-003,T-0911-S-214-013,3,17.7,12.75,14.16
2024-09-11,S-214,K-019,T-0911-S-214-014,4,19.44,14.0,15.56
2024-09-11,S-214,K-059,T-0911-S-214-015,4,44.44,32.0,35.52
2024-09-11,S-214,K-028,T-0911-S-214-016,3,42.72,30.75,34.14
2024-09-11,S-214,K-011,T-0911-S-214-017,3,42.72,30.75,34.14
2024-09-11,S-214,K-046,T-0911-S-214-018,2,30.56,22.0,24.42
2024-09-11,S-214,K-008,T-0911-S-214-019,2,22.22,16.0,17.76
2024-09-11,S-214,K-013,T-0911-S-214-020,4,65.28,47.0,52.16
2024-09-11,S-214,K-020,T-0911-S-214-021,4,23.6,17.0,18.88
2024-09-11,S-214,K-044,T-0911-S-214-022,4,52.76,38.0,42.2
2024-09-11,S-214,K-016,T-0911-S-214-023,2,38.88,28.0,31.08
2024-09-11,S-214,K-044,T-0911-S-214-024,3,39.57,28.5,31.65
2024-09-11,S-214,K-038,T-0911-S-214-025,2,13.88,10.0,11.1
2024-09-11,S-214,K-013,T-0911-S-214-026,4,65.28,47.0,52.16
2024-09-11,S-214,K-054,T-0911-S-214-027,1,5.9,4.25,4.72
2024-09-11,S-214,K-003,T-0911-S-214-028,3,17.7,12.75,14.16
2024-09-11,S-214,K-054,T-0911-S-214-029,3,17.7,12.75,14.16
2024-09-11,S-214,K-060,T-0911-S-214-030,4,48.6,35.0,38.84
2024-09-11,S-214,K-052,T-0911-S-214-031,1,3.82,2.75,3.05
2024-09-11,S-214,K-010,T-0911-S-214-032,4,52.76,38.0,42.2
2024-09-11,S-214,K-051,T-0911-S-214-033,4,11.12,8.0,8.88
2024-09-11,S-214,K-016,T-0911-S-214-034,2,38.88,28.0,31.08
2024-09-11,S-214,K-026,T-0911-S-214-035,2,24.3,17.5,19.42
2024-09-11,S-214,K-060,T-0911-S-214-036,4,48.6,35.0,38.84
2024-09-11,S-214,K-001,T-0911-S-214-037,4,15.28,11.0,12.2
2024-09-11,S-214,K-056,T-0911-S-214-038,1,7.99,5.75,6.38
2024-09-11,S-214,K-002,T-0911-S-214-039,3,14.58,10.5,11.67
2024-09-11,S-214,K-041,T-0911-S-214-040,1,10.07,7.25,8.05
2024-09-11,S-214,K-008,T-0911-S-214-041,2,22.22,16.0,17.76
2024-09-11,S-214,K-047,T-0911-S-214-042,4,65.28,47.0,52.16
2024-09-11,S-214,K-032,T-0911-S-214-043,1,18.4,13.25,14.71
2024-09-11,S-214,K-027,T-0911-S-214-044,4,52.76,38.0,42.2
2024-09-11,S-214,K-028,T-0911-S-214-045,2,28.48,20.5,22.76
2024-09-11,S-214,K-020,T-0911-S-214-046,4,23.6,17.0,18.88
2024-09-11,S-214,K-012,T-0911-S-214-047,2,30.56,22.0,24.42
2024-09-11,S-214,K-056,T-0911-S-214-048,4,31.96,23.0,25.52
2024-09-11,S-214,K-025,T-0911-S-214-049,2,22.22,16.0,17.76
2024-09-11,S-214,K-013,T-0911-S-214-050,3,48.96,35.25,39.12
2024-09-11,S-214,K-051,T-0911-S-214-051,3,8.34,6.0,6.66
2024-09-11,S-214,K-036,T-0911-S-214-052,2,9.72,7.0,7.78
2024-09-11,S-214,K-005,T-0911-S-214-053,1,7.99,5.75,6.38
2024-09-11,S-214,K-044,T-0911-S-214-054,3,39.57,28.5,31.65
2024-09-11,S-214,K-039,T-0911-S-214-055,1,7.99,5.75,6.38
2024-09-11,S-214,K-027,T-0911-S-214-056,2,26.38,19.0,21.1
2024-09-11,S-214,K-057,T-0911-S-214-057,4,36.12,26.0,28.88
2024-09-11,S-214,K-002,T-0911-S-214-058,4,19.44,14.0,15.56
2024-09-11,S-214,K-058,T-0911-S-214-059,2,20.14,14.5,16.1
2024-09-11,S-214,K-058,T-0911-S-214-060,2,20.14,14.5,16.1
2024-09-11,S-214,K-016,T-0911-S-214-061,2,38.88,28.0,31.08
2024-09-11,S-214,K-049,T-0911-S-214-062,3,55.2,39.75,44.13
2024-09-11,S-214,K-002,T-0911-S-214-063,2,9.72,7.0,7.78
2024-09-11,S-214,K-047,T-0911-S-214-064,3,48.96,35.25,39.12
2024-09-11,S-214,K-060,T-0911-S-214-065,4,48.6,35.0,38.84
2024-09-11,S-214,K-018,T-0911-S-214-066,1,3.82,2.75,3.05
2024-09-11,S-214,K-018,T-0911-S-214-067,3,11.46,8.25,9.15
2024-09-11,S-214,K-057,T-0911-S-214-068,1,9.03,6.5,7.22
2024-09-11,S-214,K-043,T-0911-S-214-069,4,48.6,35.0,38.84
2024-09-11,S-214,K-046,T-0911-S-214-070,1,15.28,11.0,12.21
2024-09-11,S-214,K-055,T-0911-S-214-071,1,6.94,5.0,5.55
2024-09-11,S-214,K-050,T-0911-S-214-072,3,58.32,42.0,46.62
2024-09-11,S-214,K-025,T-0911-S-214-073,3,33.33,24.0,26.64
2024-09-11,S-214,K-004,T-0911-S-214-074,2,13.88,10.0,11.1
2024-09-11,S-214,K-010,T-0911-S-214-075,3,39.57,28.5,31.65
2024-09-11,S-214,K-047,T-0911-S-214-076,3,48.96,35.25,39.12
2024-09-11,S-214,K-042,T-0911-S-214-077,1,11.11,8.0,8.88
2024-09-11,S-214,K-020,T-0911-S-214-078,2,11.8,8.5,9.44
2024-09-11,S-214,K-036,T-0911-S-214-079,4,19.44,14.0,15.56
2024-09-11,S-307,K-044,T-0911-S-307-000,4,52.76,38.0,42.2
2024-09-11,S-307,K-004,T-0911-S-307-001,3,20.82,15.0,16.65
2024-09-11,S-307,K-018,T-0911-S-307-002,4,15.28,11.0,12.2
2024-09-11,S-307,K-025,T-0911-S-307-003,1,11.11,8.0,8.88
2024-09-11,S-307,K-018,T-0911-S-307-004,1,3.82,2.75,3.05
2024-09-11,S-307,K-030,T-0911-S-307-005,2,32.64,23.5,26.08
2024-09-11,S-307,K-052,T-0911-S-307-006,1,3.82,2.75,3.05
2024-09-11,S-307,K-014,T-0911-S-307-007,3,52.08,37.5,41.64
2024-09-11,S-307,K-015,T-0911-S-307-008,4,73.6,53.0,58.84
2024-09-11,S-307,K-004,T-0911-S-307-009,4,27.76,20.0,22.2
2024-09-11,S-307,K-026,T-0911-S-307-010,1,12.15,8.75,9.71
2024-09-11,S-307,K-035,T-0911-S-307-011,2,7.64,5.5,6.1
2024-09-11,S-307,K-016,T-0911-S-307-012,4,77.76,56.0,62.16
2024-09-11,S-307,K-016,T-0911-S-307-013,3,58.32,42.0,46.62
2024-09-11,S-307,K-041,T-0911-S-307-014,2,20.14,14.5,16.1
2024-09-11,S-307,K-023,T-0911-S-307-015,4,36.12,26.0,28.88
2024-09-11,S-307,K-043,T-0911-S-307-016,3,36.45,26.25,29.13
2024-09-11,S-307,K-057,T-0911-S-307-017,2,18.06,13.0,14.44
2024-09-11,S-307,K-017,T-0911-S-307-018,2,5.56,4.0,4.44
2024-09-11,S-307,K-054,T-0911-S-307-019,4,23.6,17.0,18.88
2024-09-11,S-307,K-051,T-0911-S-307-020,2,5.56,4.0,4.44
2024-09-11,S-307,K-004,T-0911-S-307-021,4,27.76,20.0,22.2
2024-09-11,S-307,K-001,T-0911-S-307-022,1,3.82,2.75,3.05
2024-09-11,S-307,K-054,T-0911-S-307-023,1,5.9,4.25,4.72
2024-09-11,S-307,K-026,T-0911-S-307-024,1,12.15,8.75,9.71
2024-09-11,S-307,K-036,T-0911-S-307-025,2,9.72,7.0,7.78
2024-09-11,S-307,K-030,T-0911-S-307-026,3,48.96,35.25,39.12
2024-09-11,S-307,K-003,T-0911-S-307-027,3,17.7,12.75,14.16
2024-09-11,S-307,K-045,T-0911-S-307-028,2,28.48,20.5,22.76
2024-09-11,S-307,K-028,T-0911-S-307-029,4,56.96,41.0,45.52
2024-09-11,S-307,K-051,T-0911-S-307-030,2,5.56,4.0,4.44
2024-09-11,S-307,K-009,T-0911-S-307-031,1,12.15,8.75,9.71
2024-09-11,S-307,K-032,T-0911-S-307-032,2,36.8,26.5,29.42
2024-09-11,S-307,K-017,T-0911-S-307-033,1,2.78,2.0,2.22
2024-09-11,S-307,K-051,T-0911-S-307-034,2,5.56,4.0,4.44
2024-09-11,S-307,K-043,T-0911-S-307-035,1,12.15,8.75,9.71
2024-09-11,S-307,K-010,T-0911-S-307-036,2,26.38,19.0,21.1
2024-09-11,S-307,K-012,T-0911-S-307-037,2,30.56,22.0,24.42
2024-09-11,S-307,K-028,T-0911-S-307-038,2,28.48,20.5,22.76
2024-09-11,S-307,K-024,T-0911-S-307-039,2,20.14,14.5,16.1
2024-09-11,S-307,K-024,T-0911-S-307-040,2,20.14,14.5,16.1
2024-09-11,S-307,K-010,T-0911-S-307-041,4,52.76,38.0,42.2
2024-09-11,S-307,K-002,T-0911-S-307-042,1,4.86,3.5,3.89
2024-09-11,S-307,K-013,T-0911-S-307-043,1,16.32,11.75,13.04
2024-09-11,S-307,K-006,T-0911-S-307-044,2,18.06,13.0,14.44
2024-09-11,S-307,K-003,T-0911-S-307-045,4,23.6,17.0,18.88
2024-09-11,S-307,K-027,T-0911-S-307-046,1,13.19,9.5,10.55
2024-09-11,S-307,K-013,T-0911-S-307-047,4,65.28,47.0,52.16
2024-09-11,S-307,K-011,T-0911-S-307-048,2,28.48,20.5,22.76
2024-09-11,S-307,K-021,T-0911-S-307-049,1,6.94,5.0,5.55
2024-09-11,S-307,K-019,T-0911-S-307-050,1,4.86,3.5,3.89
2024-09-11,S-307,K-036,T-0911-S-307-051,1,4.86,3.5,3.89
2024-09-11,S-307,K-044,T-0911-S-307-052,3,39.57,28.5,31.65
2024-09-11,S-307,K-023,T-0911-S-307-053,4,36.12,26.0,28.88
2024-09-11,S-307,K-046,T-0911-S-307-054,1,15.28,11.0,12.21
2024-09-11,S-307,K-003,T-0911-S-307-055,1,5.9,4.25,4.72
2024-09-11,S-307,K-026,T-0911-S-307-056,3,36.45,26.25,29.13
2024-09-11,S-307,K-008,T-0911-S-307-057,1,11.11,8.0,8.88
2024-09-11,S-307,K-018,T-0911-S-307-058,1,3.82,2.75,3.05
2024-09-11,S-307,K-015,T-0911-S-307-059,1,18.4,13.25,14.71
2024-09-11,S-307,K-041,T-0911-S-307-060,4,40.28,29.0,32.2
2024-09-11,S-307,K-043,T-0911-S-307-061,4,48.6,35.0,38.84
2024-09-11,S-307,K-006,T-0911-S-307-062,4,36.12,26.0,28.88
2024-09-11,S-307,K-013,T-0911-S-307-063,1,16.32,11.75,13.04
2024-09-11,S-307,K-006,T-0911-S-307-064,1,9.03,6.5,7.22
2024-09-11,S-307,K-034,T-0911-S-307-065,3,8.34,6.0,6.66
2024-09-11,S-307,K-029,T-0911-S-307-066,2,30.56,22.0,24.42
2024-09-11,S-307,K-053,T-0911-S-307-067,2,9.72,7.0,7.78
2024-09-11,S-307,K-025,T-0911-S-307-068,1,11.11,8.0,8.88
2024-09-11,S-307,K-052,T-0911-S-307-069,1,3.82,2.75,3.05
2024-09-11,S-307,K-032,T-0911-S-307-070,2,36.8,26.5,29.42
2024-09-11,S-307,K-010,T-0911-S-307-071,2,26.38,19.0,21.1
2024-09-11,S-307,K-053,T-0911-S-307-072,1,4.86,3.5,3.89
2024-09-11,S-307,K-018,T-0911-S-307-073,3,11.46,8.25,9.15
2024-09-11,S-307,K-046,T-0911-S-307-074,4,61.12,44.0,48.84
2024-09-11,S-307,K-030,T-0911-S-307-075,3,48.96,35.25,39.12
2024-09-11,S-307,K-035,T-0911-S-307-076,3,11.46,8.25,9.15
2024-09-11,S-307,K-040,T-0911-S-307-077,1,9.03,6.5,7.22
2024-09-11,S-307,K-022,T-0911-S-307-078,1,7.99,5.75,6.38
2024-09-11,S-307,K-052,T-0911-S-307-079,4,15.28,11.0,12.2
2024-09-12,S-110,K-049,T-0912-S-110-000,1,18.4,13.25,14.71
2024-09-12,S-110,K-022,T-0912-S-110-001,2,15.98,11.5,12.76
2024-09-12,S-110,K-060,T-0912-S-110-002,1,12.15,8.75,9.71
2024-09-12,S-110,K-035,T-0912-S-110-003,4,15.28,11.0,12.2
2024-09-12,S-110,K-052,T-0912-S-110-004,2,7.64,5.5,6.1
2024-09-12,S-110,K-032,T-0912-S-110-005,2,36.8,26.5,29.42
2024-09-12,S-110,K-045,T-0912-S-110-006,3,42.72,30.75,34.14
2024-09-12,S-110,K-011,T-0912-S-110-007,3,42.72,30.75,34.14
2024-09-12,S-110,K-059,T-0912-S-110-008,1,11.11,8.0,8.88
2024-09-12,S-110,K-058,T-0912-S-110-009,2,20.14,14.5,16.1
2024-09-12,S-110,K-004,T-0912-S-110-010,3,20.82,15.0,16.65
2024-09-12,S-110,K-051,T-0912-S-110-011,4,11.12,8.0,8.88
2024-09-12,S-110,K-059,T-0912-S-110-012,1,11.11,8.0,8.88
2024-09-12,S-110,K-013,T-0912-S-110-013,2,32.64,23.5,26.08
2024-09-12,S-110,K-052,T-0912-S-110-014,3,11.46,8.25,9.15
2024-09-12,S-110,K-047,T-0912-S-110-015,3,48.96,35.25,39.12
2024-09-12,S-110,K-007,T-0912-S-110-016,2,20.14,14.5,16.1
2024-09-12,S-110,K-027,T-0912-S-110-017,3,39.57,28.5,31.65
2024-09-12,S-110,K-024,T-0912-S-110-018,1,10.07,7.25,8.05
2024-09-12,S-110,K-029,T-0912-S-110-019,1,15.28,11.0,12.21
2024-09-12,S-110,K-032,T-0912-S-110-020,3,55.2,39.75,44.13
2024-09-12,S-110,K-058,T-0912-S-110-021,4,40.28,29.0,32.2
2024-09-12,S-110,K-013,T-0912-S-110-022,2,32.64,23.5,26.08
2024-09-12,S-110,K-053,T-0912-S-110-023,3,14.58,10.5,11.67
2024-09-12,S-110,K-044,T-0912-S-110-024,2,26.38,19.0,21.1
2024-09-12,S-110,K-042,T-0912-S-110-025,3,33.33,24.0,26.64
2024-09-12,S-110,K-024,T-0912-S-110-026,2,20.14,14.5,16.1
2024-09-12,S-110,K-027,T-0912-S-110-027,2,26.38,19.0,21.1
2024-09-12,S-110,K-010,T-0912-S-110-028,1,13.19,9.5,10.55
2024-09-12,S-110,K-009,T-0912-S-110-029,4,48.6,35.0,38.84
2024-09-12,S-110,K-042,T-0912-S-110-030,4,44.44,32.0,35.52
2024-09-12,S-110,K-046,T-0912-S-110-031,3,45.84,33.0,36.63
2024-09-12,S-110,K-060,T-0912-S-110-032,2,24.3,17.5,19.42
2024-09-12,S-110,K-059,T-0912-S-110-033,2,22.22,16.0,17.76
2024-09-12,S-110,K-024,T-0912-S-110-034,1,10.07,7.25,8.05
2024-09-12,S-110,K-039,T-0912-S-110-035,4,31.96,23.0,25.52
2024-09-12,S-110,K-041,T-0912-S-110-036,1,10.07,7.25,8.05
2024-09-12,S-110,K-033,T-0912-S-110-037,2,38.88,28.0,31.08
2024-09-12,S-110,K-054,T-0912-S-110-038,3,17.7,12.75,14.16
2024-09-12,S-110,K-052,T-0912-S-110-039,2,7.64,5.5,6.1
2024-09-12,S-110,K-007,T-0912-S-110-040,3,30.21,21.75,24.15
2024-09-12,S-110,K-007,T-0912-S-110-041,3,30.21,21.75,24.15
2024-09-12,S-110,K-049,T-0912-S-110-042,3,55.2,39.75,44.13
2024-09-12,S-110,K-022,T-0912-S-110-043,3,23.97,17.25,19.14
2024-09-12,S-110,K-049,T-0912-S-110-044,1,18.4,13.25,14.71
2024-09-12,S-110,K-034,T-0912-S-110-045,3,8.34,6.0,6.66
2024-09-12,S-110,K-042,T-0912-S-110-046,2,22.22,16.0,17.76
2024-09-12,S-110,K-014,T-0912-S-110-047,4,69.44,50.0,55.52
2024-09-12,S-110,K-025,T-0912-S-110-048,1,11.11,8.0,8.88
2024-09-12,S-110,K-042,T-0912-S-110-049,3,33.33,24.0,26.64
2024-09-12,S-110,K-022,T-0912-S-110-050,2,15.98,11.5,12.76
2024-09-12,S-110,K-018,T-0912-S-110-051,1,3.82,2.75,3.05
2024-09-12,S-110,K-041,T-0912-S-110-052,1,10.07,7.25,8.05
2024-09-12,S-110,K-043,T-0912-S-110-053,3,36.45,26.25,29.13
2024-09-12,S-110,K-041,T-0912-S-110-054,3,30.21,21.75,24.15
2024-09-12,S-110,K-052,T-0912-S-110-055,2,7.64,5.5,6.1
2024-09-12,S-110,K-053,T-0912-S-110-056,4,19.44,14.0,15.56
2024-09-12,S-110,K-058,T-0912-S-110-057,2,20.14,14.5,16.1
2024-09-12,S-110,K-037,T-0912-S-110-058,4,23.6,17.0,18.88
2024-09-12,S-110,K-012,T-0912-S-110-059,4,61.12,44.0,48.84
2024-09-12,S-110,K-045,T-0912-S-110-060,4,56.96,41.0,45.52
2024-09-12,S-110,K-019,T-0912-S-110-061,4,19.44,14.0,15.56
2024-09-12,S-110,K-030,T-0912-S-110-062,1,16.32,11.75,13.04
2024-09-12,S-110,K-022,T-0912-S-110-063,1,7.99,5.75,6.38
2024-09-12,S-110,K-022,T-0912-S-110-064,2,15.98,11.5,12.76
2024-09-12,S-110,K-053,T-0912-S-110-065,4,19.44,14.0,15.56
2024-09-12,S-110,K-041,T-0912-S-110-066,4,40.28,29.0,32.2
2024-09-12,S-110,K-042,T-0912-S-110-067,4,44.44,32.0,35.52
2024-09-12,S-110,K-018,T-0912-S-110-068,1,3.82,2.75,3.05
2024-09-12,S-110,K-039,T-0912-S-110-069,3,23.97,17.25,19.14
2024-09-12,S-110,K-055,T-0912-S-110-070,4,27.76,20.0,22.2
2024-09-12,S-110,K-009,T-0912-S-110-071,3,36.45,26.25,29.13
2024-09-12,S-110,K-047,T-0912-S-110-072,1,16.32,11.75,13.04
2024-09-12,S-110,K-047,T-0912-S-110-073,3,48.96,35.25,39.12
2024-09-12,S-110,K-047,T-0912-S-110-074,3,48.96,35.25,39.12
2024-09-12,S-110,K-021,T-0912-S-110-075,3,20.82,15.0,16.65
2024-09-12,S-110,K-018,T-0912-S-110-076,4,15.28,11.0,12.2
2024-09-12,S-110,K-041,T-0912-S-110-077,1,10.07,7.25,8.05
2024-09-12,S-110,K-026,T-0912-S-110-078,1,12.15,8.75,9.71
2024-09-12,S-110,K-002,T-0912-S-110-079,2,9.72,7.0,7.78
2024-09-12,S-214,K-022,T-0912-S-214-000,4,31.96,23.0,25.52
2024-09-12,S-214,K-031,T-0912-S-214-001,4,69.44,50.0,55.52
2024-09-12,S-214,K-027,T-0912-S-214-002,2,26.38,19.0,21.1
2024-09-12,S-214,K-033,T-0912-S-214-003,2,38.88,28.0,31.08
2024-09-12,S-214,K-046,T-0912-S-214-004,4,61.12,44.0,48.84
2024-09-12,S-214,K-038,T-0912-S-214-005,4,27.76,20.0,22.2
2024-09-12,S-214,K-029,T-0912-S-214-006,2,30.56,22.0,24.42
2024-09-12,S-214,K-020,T-0912-S-214-007,3,17.7,12.75,14.16
2024-09-12,S-214,K-034,T-0912-S-214-008,1,2.78,2.0,2.22
2024-09-12,S-214,K-012,T-0912-S-214-009,2,30.56,22.0,24.42
2024-09-12,S-214,K-008,T-0912-S-214-010,1,11.11,8.0,8.88
2024-09-12,S-214,K-016,T-0912-S-214-011,1,19.44,14.0,15.54
2024-09-12,S-214,K-003,T-0912-S-214-012,3,17.7,12.75,14.16
2024-09-12,S-214,K-053,T-0912-S-214-013,3,14.58,10.5,11.67
2024-09-12,S-214,K-059,T-0912-S-214-014,4,44.44,32.0,35.52
2024-09-12,S-214,K-037,T-0912-S-214-015,4,23.6,17.0,18.88
2024-09-12,S-214,K-006,T-0912-S-214-016,2,18.06,13.0,14.44
2024-09-12,S-214,K-001,T-0912-S-214-017,4,15.28,11.0,12.2
2024-09-12,S-214,K-021,T-0912-S-214-018,1,6.94,5.0,5.55
2024-09-12,S-214,K-039,T-0912-S-214-019,1,7.99,5.75,6.38
2024-09-12,S-214,K-051,T-0912-S-214-020,4,11.12,8.0,8.88
2024-09-12,S-214,K-001,T-0912-S-214-021,4,15.28,11.0,12.2
2024-09-12,S-214,K-031,T-0912-S-214-022,2,34.72,25.0,27.76
2024-09-12,S-214,K-049,T-0912-S-214-023,1,18.4,13.25,14.71
2024-09-12,S-214,K-056,T-0912-S-214-024,1,7.99,5.75,6.38
2024-09-12,S-214,K-001,T-0912-S-214-025,1,3.82,2.75,3.05
2024-09-12,S-214,K-027,T-0912-S-214-026,3,39.57,28.5,31.65
2024-09-12,S-214,K-050,T-0912-S-214-027,4,77.76,56.0,62.16
2024-09-12,S-214,K-030,T-0912-S-214-028,4,65.28,47.0,52.16
2024-09-12,S-214,K-049,T-0912-S-214-029,1,18.4,13.25,14.71
2024-09-12,S-214,K-028,T-0912-S-214-030,4,56.96,41.0,45.52
2024-09-12,S-214,K-031,T-0912-S-214-031,4,69.44,50.0,55.52
2024-09-12,S-214,K-044,T-0912-S-214-032,1,13.19,9.5,10.55
2024-09-12,S-214,K-029,T-0912-S-214-033,2,30.56,22.0,24.42
2024-09-12,S-214,K-059,T-0912-S-214-034,1,11.11,8.0,8.88
2024-09-12,S-214,K-004,T-0912-S-214-035,3,20.82,15.0,16.65
2024-09-12,S-214,K-026,T-0912-S-214-036,3,36.45,26.25,29.13
2024-09-12,S-214,K-054,T-0912-S-214-037,2,11.8,8.5,9.44
2024-09-12,S-214,K-024,T-0912-S-214-038,2,20.14,14.5,16.1
2024-09-12,S-214,K-049,T-0912-S-214-039,2,36.8,26.5,29.42
2024-09-12,S-214,K-019,T-0912-S-214-040,1,4.86,3.5,3.89
2024-09-12,S-214,K-052,T-0912-S-214-041,2,7.64,5.5,6.1
2024-09-12,S-214,K-012,T-0912-S-214-042,4,61.12,44.0,48.84
2024-09-12,S-214,K-031,T-0912-S-214-043,1,17.36,12.5,13.88
2024-09-12,S-214,K-052,T-0912-S-214-044,1,3.82,2.75,3.05
2024-09-12,S-214,K-029,T-0912-S-214-045,3,45.84,33.0,36.63
2024-09-12,S-214,K-016,T-0912-S-214-046,2,38.88,28.0,31.08
2024-09-12,S-214,K-018,T-0912-S-214-047,1,3.82,2.75,3.05
2024-09-12,S-214,K-051,T-0912-S-214-048,3,8.34,6.0,6.66
2024-09-12,S-214,K-042,T-0912-S-214-049,3,33.33,24.0,26.64
2024-09-12,S-214,K-033,T-0912-S-214-050,3,58.32,42.0,46.62
2024-09-12,S-214,K-043,T-0912-S-214-051,3,36.45,26.25,29.13
2024-09-12,S-214,K-041,T-0912-S-214-052,2,20.14,14.5,16.1
2024-09-12,S-214,K-016,T-0912-S-214-053,1,19.44,14.0,15.54
2024-09-12,S-214,K-060,T-0912-S-214-054,3,36.45,26.25,29.13
2024-09-12,S-214,K-030,T-0912-S-214-055,1,16.32,11.75,13.04
2024-09-12,S-214,K-051,T-0912-S-214-056,1,2.78,2.0,2.22
2024-09-12,S-214,K-015,T-0912-S-214-057,1,18.4,13.25,14.71
2024-09-12,S-214,K-032,T-0912-S-214-058,1,18.4,13.25,14.71
2024-09-12,S-214,K-040,T-0912-S-214-059,2,18.06,13.0,14.44
2024-09-12,S-214,K-039,T-0912-S-214-060,4,31.96,23.0,25.52
2024-09-12,S-214,K-039,T-0912-S-214-061,3,23.97,17.25,19.14
2024-09-12,S-214,K-005,T-0912-S-214-062,2,15.98,11.5,12.76
2024-09-12,S-214,K-059,T-0912-S-214-063,4,44.44,32.0,35.52
2024-09-12,S-214,K-035,T-0912-S-214-064,3,11.46,8.25,9.15
2024-09-12,S-214,K-040,T-0912-S-214-065,2,18.06,13.0,14.44
2024-09-12,S-214,K-046,T-0912-S-214-066,1,15.28,11.0,12.21
2024-09-12,S-214,K-021,T-0912-S-214-067,4,27.76,20.0,22.2
2024-09-12,S-214,K-035,T-0912-S-214-068,1,3.82,2.75,3.05
2024-09-12,S-214,K-048,T-0912-S-214-069,3,52.08,37.5,41.64
2024-09-12,S-214,K-040,T-0912-S-214-070,3,27.09,19.5,21.66
2024-09-12,S-214,K-049,T-0912-S-214-071,3,55.2,39.75,44.13
2024-09-12,S-214,K-049,T-0912-S-214-072,2,36.8,26.5,29.42
2024-09-12,S-214,K-054,T-0912-S-214-073,4,23.6,17.0,18.88
2024-09-12,S-214,K-017,T-0912-S-214-074,4,11.12,8.0,8.88
2024-09-12,S-214,K-017,T-0912-S-214-075,3,8.34,6.0,6.66
2024-09-12,S-214,K-037,T-0912-S-214-076,3,17.7,12.75,14.16
2024-09-12,S-214,K-056,T-0912-S-214-077,2,15.98,11.5,12.76
2024-09-12,S-214,K-029,T-0912-S-214-078,4,61.12,44.0,48.84
2024-09-12,S-214,K-049,T-0912-S-214-079,4,73.6,53.0,58.84
2024-09-12,S-307,K-004,T-0912-S-307-000,1,6.94,5.0,5.55
2024-09-12,S-307,K-003,T-0912-S-307-001,2,11.8,8.5,9.44
2024-09-12,S-307,K-053,T-0912-S-307-002,4,19.44,14.0,15.56
2024-09-12,S-307,K-036,T-0912-S-307-003,1,4.86,3.5,3.89
2024-09-12,S-307,K-036,T-0912-S-307-004,4,19.44,14.0,15.56
2024-09-12,S-307,K-003,T-0912-S-307-005,4,23.6,17.0,18.88
2024-09-12,S-307,K-060,T-0912-S-307-006,2,24.3,17.5,19.42
2024-09-12,S-307,K-046,T-0912-S-307-007,1,15.28,11.0,12.21
2024-09-12,S-307,K-058,T-0912-S-307-008,3,30.21,21.75,24.15
2024-09-12,S-307,K-052,T-0912-S-307-009,3,11.46,8.25,9.15
2024-09-12,S-307,K-059,T-0912-S-307-010,4,44.44,32.0,35.52
2024-09-12,S-307,K-057,T-0912-S-307-011,2,18.06,13.0,14.44
2024-09-12,S-307,K-010,T-0912-S-307-012,1,13.19,9.5,10.55
2024-09-12,S-307,K-054,T-0912-S-307-013,1,5.9,4.25,4.72
2024-09-12,S-307,K-035,T-0912-S-307-014,1,3.82,2.75,3.05
2024-09-12,S-307,K-057,T-0912-S-307-015,4,36.12,26.0,28.88
2024-09-12,S-307,K-025,T-0912-S-307-016,3,33.33,24.0,26.64
2024-09-12,S-307,K-017,T-0912-S-307-017,2,5.56,4.0,4.44
2024-09-12,S-307,K-020,T-0912-S-307-018,1,5.9,4.25,4.72
2024-09-12,S-307,K-047,T-0912-S-307-019,2,32.64,23.5,26.08
2024-09-12,S-307,K-041,T-0912-S-307-020,4,40.28,29.0,32.2
2024-09-12,S-307,K-045,T-0912-S-307-021,2,28.48,20.5,22.76
2024-09-12,S-307,K-002,T-0912-S-307-022,2,9.72,7.0,7.78
2024-09-12,S-307,K-055,T-0912-S-307-023,2,13.88,10.0,11.1
2024-09-12,S-307,K-022,T-0912-S-307-024,4,31.96,23.0,25.52
2024-09-12,S-307,K-043,T-0912-S-307-025,4,48.6,35.0,38.84
2024-09-12,S-307,K-007,T-0912-S-307-026,3,30.21,21.75,24.15
2024-09-12,S-307,K-055,T-0912-S-307-027,2,13.88,10.0,11.1
2024-09-12,S-307,K-039,T-0912-S-307-028,2,15.98,11.5,12.76
2024-09-12,S-307,K-008,T-0912-S-307-029,3,33.33,24.0,26.64
2024-09-12,S-307,K-023,T-0912-S-307-030,2,18.06,13.0,14.44
2024-09-12,S-307,K-048,T-0912-S-307-031,2,34.72,25.0,27.76
2024-09-12,S-307,K-005,T-0912-S-307-032,3,23.97,17.25,19.14
2024-09-12,S-307,K-055,T-0912-S-307-033,4,27.76,20.0,22.2
2024-09-12,S-307,K-037,T-0912-S-307-034,1,5.9,4.25,4.72
2024-09-12,S-307,K-054,T-0912-S-307-035,2,11.8,8.5,9.44
2024-09-12,S-307,K-014,T-0912-S-307-036,1,17.36,12.5,13.88
2024-09-12,S-307,K-018,T-0912-S-307-037,4,15.28,11.0,12.2
2024-09-12,S-307,K-026,T-0912-S-307-038,4,48.6,35.0,38.84
2024-09-12,S-307,K-002,T-0912-S-307-039,3,14.58,10.5,11.67
2024-09-12,S-307,K-048,T-0912-S-307-040,2,34.72,25.0,27.76
2024-09-12,S-307,K-060,T-0912-S-307-041,1,12.15,8.75,9.71
2024-09-12,S-307,K-052,T-0912-S-307-042,1,3.82,2.75,3.05
2024-09-12,S-307,K-020,T-0912-S-307-043,1,5.9,4.25,4.72
2024-09-12,S-307,K-022,T-0912-S-307-044,4,31.96,23.0,25.52
2024-09-12,S-307,K-042,T-0912-S-307-045,4,44.44,32.0,35.52
2024-09-12,S-307,K-002,T-0912-S-307-046,3,14.58,10.5,11.67
2024-09-12,S-307,K-013,T-0912-S-307-047,2,32.64,23.5,26.08
2024-09-12,S-307,K-018,T-0912-S-307-048,2,7.64,5.5,6.1
2024-09-12,S-307,K-004,T-0912-S-307-049,3,20.82,15.0,16.65
2024-09-12,S-307,K-037,T-0912-S-307-050,1,5.9,4.25,4.72
2024-09-12,S-307,K-055,T-0912-S-307-051,4,27.76,20.0,22.2
2024-09-12,S-307,K-044,T-0912-S-307-052,4,52.76,38.0,42.2
2024-09-12,S-307,K-031,T-0912-S-307-053,1,17.36,12.5,13.88
2024-09-12,S-307,K-039,T-0912-S-307-054,2,15.98,11.5,12.76
2024-09-12,S-307,K-002,T-0912-S-307-055,4,19.44,14.0,15.56
2024-09-12,S-307,K-041,T-0912-S-307-056,3,30.21,21.75,24.15
2024-09-12,S-307,K-031,T-0912-S-307-057,1,17.36,12.5,13.88
2024-09-12,S-307,K-010,T-0912-S-307-058,4,52.76,38.0,42.2
2024-09-12,S-307,K-009,T-0912-S-307-059,2,24.3,17.5,19.42
2024-09-12,S-307,K-031,T-0912-S-307-060,4,69.44,50.0,55.52
2024-09-12,S-307,K-026,T-0912-S-307-061,2,24.3,17.5,19.42
2024-09-12,S-307,K-060,T-0912-S-307-062,4,48.6,35.0,38.84
2024-09-12,S-307,K-002,T-0912-S-307-063,1,4.86,3.5,3.89
2024-09-12,S-307,K-014,T-0912-S-307-064,2,34.72,25.0,27.76
2024-09-12,S-307,K-018,T-0912-S-307-065,1,3.82,2.75,3.05
2024-09-12,S-307,K-027,T-0912-S-307-066,1,13.19,9.5,10.55
2024-09-12,S-307,K-050,T-0912-S-307-067,3,58.32,42.0,46.62
2024-09-12,S-307,K-002,T-0912-S-307-068,1,4.86,3.5,3.89
2024-09-12,S-307,K-015,T-0912-S-307-069,3,55.2,39.75,44.13
2024-09-12,S-307,K-037,T-0912-S-307-070,2,11.8,8.5,9.44
2024-09-12,S-307,K-060,T-0912-S-307-071,2,24.3,17.5,19.42
2024-09-12,S-307,K-057,T-0912-S-307-072,2,18.06,13.0,14.44
2024-09-12,S-307,K-042,T-0912-S-307-073,2,22.22,16.0,17.76
2024-09-12,S-307,K-046,T-0912-S-307-074,1,15.28,11.0,12.21
2024-09-12,S-307,K-028,T-0912-S-307-075,4,56.96,41.0,45.52
2024-09-12,S-307,K-058,T-0912-S-307-076,3,30.21,21.75,24.15
2024-09-12,S-307,K-057,T-0912-S-307-077,1,9.03,6.5,7.22
2024-09-12,S-307,K-036,T-0912-S-307-078,3,14.58,10.5,11.67
2024-09-12,S-307,K-026,T-0912-S-307-079,2,24.3,17.5,19.42
2024-09-13,S-110,K-026,T-0913-S-110-000,4,48.6,35.0,38.84
2024-09-13,S-110,K-009,T-0913-S-110-001,4,48.6,35.0,38.84
2024-09-13,S-110,K-001,T-0913-S-110-002,2,7.64,5.5,6.1
2024-09-13,S-110,K-050,T-0913-S-110-003,4,77.76,56.0,62.16
2024-09-13,S-110,K-009,T-0913-S-110-004,2,24.3,17.5,19.42
2024-09-13,S-110,K-046,T-0913-S-110-005,4,61.12,44.0,48.84
2024-09-13,S-110,K-048,T-0913-S-110-006,4,69.44,50.0,55.52
2024-09-13,S-110,K-029,T-0913-S-110-007,3,45.84,33.0,36.63
2024-09-13,S-110,K-019,T-0913-S-110-008,2,9.72,7.0,7.78
2024-09-13,S-110,K-019,T-0913-S-110-009,2,9.72,7.0,7.78
2024-09-13,S-110,K-039,T-0913-S-110-010,1,7.99,5.75,6.38
2024-09-13,S-110,K-037,T-0913-S-110-011,3,17.7,12.75,14.16
2024-09-13,S-110,K-052,T-0913-S-110-012,1,3.82,2.75,3.05
2024-09-13,S-110,K-025,T-0913-S-110-013,2,22.22,16.0,17.76
2024-09-13,S-110,K-030,T-0913-S-110-014,1,16.32,11.75,13.04
2024-09-13,S-110,K-040,T-0913-S-110-015,1,9.03,6.5,7.22
2024-09-13,S-110,K-056,T-0913-S-110-016,2,15.98,11.5,12.76
2024-09-13,S-110,K-043,T-0913-S-110-017,1,12.15,8.75,9.71
2024-09-13,S-110,K-047,T-0913-S-110-018,3,48.96,35.25,39.12
2024-09-13,S-110,K-015,T-0913-S-110-019,4,73.6,53.0,58.84
2024-09-13,S-110,K-056,T-0913-S-110-020,3,23.97,17.25,19.14
2024-09-13,S-110,K-015,T-0913-S-110-021,4,73.6,53.0,58.84
2024-09-13,S-110,K-030,T-0913-S-110-022,4,65.28,47.0,52.16
2024-09-13,S-110,K-049,T-0913-S-110-023,2,36.8,26.5,29.42
2024-09-13,S-110,K-054,T-0913-S-110-024,1,5.9,4.25,4.72
2024-09-13,S-110,K-034,T-0913-S-110-025,3,8.34,6.0,6.66
2024-09-13,S-110,K-056,T-0913-S-110-026,1,7.99,5.75,6.38
2024-09-13,S-110,K-015,T-0913-S-110-027,1,18.4,13.25,14.71
2024-09-13,S-110,K-047,T-0913-S-110-028,1,16.32,11.75,13.04
2024-09-13,S-110,K-039,T-0913-S-110-029,1,7.99,5.75,6.38
2024-09-13,S-110,K-021,T-0913-S-110-030,2,13.88,10.0,11.1
2024-09-13,S-110,K-038,T-0913-S-110-031,4,27.76,20.0,22.2
2024-09-13,S-110,K-038,T-0913-S-110-032,4,27.76,20.0,22.2
2024-09-13,S-110,K-044,T-0913-S-110-033,2,26.38,19.0,21.1
2024-09-13,S-110,K-059,T-0913-S-110-034,1,11.11,8.0,8.88
2024-09-13,S-110,K-053,T-0913-S-110-035,2,9.72,7.0,7.78
2024-09-13,S-110,K-053,T-0913-S-110-036,4,19.44,14.0,15.56
2024-09-13,S-110,K-036,T-0913-S-110-037,3,14.58,10.5,11.67
2024-09-13,S-110,K-032,T-0913-S-110-038,3,55.2,39.75,44.13
2024-09-13,S-110,K-008,T-0913-S-110-039,2,22.22,16.0,17.76
2024-09-13,S-110,K-001,T-0913-S-110-040,2,7.64,5.5,6.1
2024-09-13,S-110,K-038,T-0913-S-110-041,4,27.76,20.0,22.2
2024-09-13,S-110,K-029,T-0913-S-110-042,2,30.56,22.0,24.42
2024-09-13,S-110,K-016,T-0913-S-110-043,4,77.76,56.0,62.16
2024-09-13,S-110,K-022,T-0913-S-110-044,1,7.99,5.75,6.38
2024-09-13,S-110,K-050,T-0913-S-110-045,1,19.44,14.0,15.54
2024-09-13,S-110,K-025,T-0913-S-110-046,2,22.22,16.0,17.76
2024-09-13,S-110,K-014,T-0913-S-110-047,1,17.36,12.5,13.88
2024-09-13,S-110,K-009,T-0913-S-110-048,3,36.45,26.25,29.13
2024-09-13,S-110,K-003,T-0913-S-110-049,1,5.9,4.25,4.72
2024-09-13,S-110,K-026,T-0913-S-110-050,2,24.3,17.5,19.42
2024-09-13,S-110,K-053,T-0913-S-110-051,1,4.86,3.5,3.89
2024-09-13,S-110,K-016,T-0913-S-110-052,1,19.44,14.0,15.54
2024-09-13,S-110,K-010,T-0913-S-110-053,3,39.57,28.5,31.65
2024-09-13,S-110,K-044,T-0913-S-110-054,3,39.57,28.5,31.65
2024-09-13,S-110,K-038,T-0913-S-110-055,2,13.88,10.0,11.1
2024-09-13,S-110,K-005,T-0913-S-110-056,1,7.99,5.75,6.38
2024-09-13,S-110,K-049,T-0913-S-110-057,3,55.2,39.75,44.13
2024-09-13,S-110,K-060,T-0913-S-110-058,2,24.3,17.5,19.42
2024-09-13,S-110,K-034,T-0913-S-110-059,1,2.78,2.0,2.22
2024-09-13,S-110,K-056,T-0913-S-110-060,3,23.97,17.25,19.14
2024-09-13,S-110,K-039,T-0913-S-110-061,4,31.96,23.0,25.52
2024-09-13,S-110,K-017,T-0913-S-110-062,2,5.56,4.0,4.44
2024-09-13,S-110,K-018,T-0913-S-110-063,3,11.46,8.25,9.15
2024-09-13,S-110,K-004,T-0913-S-110-064,1,6.94,5.0,5.55
2024-09-13,S-110,K-031,T-0913-S-110-065,4,69.44,50.0,55.52
2024-09-13,S-110,K-028,T-0913-S-110-066,3,42.72,30.75,34.14
2024-09-13,S-110,K-016,T-0913-S-110-067,3,58.32,42.0,46.62
2024-09-13,S-110,K-029,T-0913-S-110-068,3,45.84,33.0,36.63
2024-09-13,S-110,K-007,T-0913-S-110-069,4,40.28,29.0,32.2
2024-09-13,S-110,K-031,T-0913-S-110-070,3,52.08,37.5,41.64
2024-09-13,S-110,K-025,T-0913-S-110-071,3,33.33,24.0,26.64
2024-09-13,S-110,K-052,T-0913-S-110-072,2,7.64,5.5,6.1
2024-09-13,S-110,K-042,T-0913-S-110-073,2,22.22,16.0,17.76
2024-09-13,S-110,K-005,T-0913-S-110-074,2,15.98,11.5,12.76
2024-09-13,S-110,K-015,T-0913-S-110-075,4,73.6,53.0,58.84
2024-09-13,S-110,K-028,T-0913-S-110-076,2,28.48,20.5,22.76
2024-09-13,S-110,K-029,T-0913-S-110-077,2,30.56,22.0,24.42
2024-09-13,S-110,K-026,T-0913-S-110-078,2,24.3,17.5,19.42
2024-09-13,S-110,K-046,T-0913-S-110-079,3,45.84,33.0,36.63
2024-09-13,S-214,K-041,T-0913-S-214-000,2,20.14,14.5,16.1
2024-09-13,S-214,K-042,T-0913-S-214-001,4,44.44,32.0,35.52
2024-09-13,S-214,K-057,T-0913-S-214-002,3,27.09,19.5,21.66
2024-09-13,S-214,K-021,T-0913-S-214-003,4,27.76,20.0,22.2
2024-09-13,S-214,K-042,T-0913-S-214-004,1,11.11,8.0,8.88
2024-09-13,S-214,K-021,T-0913-S-214-005,1,6.94,5.0,5.55
2024-09-13,S-214,K-004,T-0913-S-214-006,2,13.88,10.0,11.1
2024-09-13,S-214,K-047,T-0913-S-214-007,1,16.32,11.75,13.04
2024-09-13,S-214,K-007,T-0913-S-214-008,3,30.21,21.75,24.15
2024-09-13,S-214,K-048,T-0913-S-214-009,4,69.44,50.0,55.52
2024-09-13,S-214,K-021,T-0913-S-214-010,2,13.88,10.0,11.1
2024-09-13,S-214,K-043,T-0913-S-214-011,4,48.6,35.0,38.84
2024-09-13,S-214,K-047,T-0913-S-214-012,1,16.32,11.75,13.04
2024-09-13,S-214,K-036,T-0913-S-214-013,4,19.44,14.0,15.56
2024-09-13,S-214,K-032,T-0913-S-214-014,3,55.2,39.75,44.13
2024-09-13,S-214,K-019,T-0913-S-214-015,1,4.86,3.5,3.89
2024-09-13,S-214,K-034,T-0913-S-214-016,2,5.56,4.0,4.44
2024-09-13,S-214,K-001,T-0913-S-214-017,2,7.64,5.5,6.1
2024-09-13,S-214,K-018,T-0913-S-214-018,3,11.46,8.25,9.15
2024-09-13,S-214,K-055,T-0913-S-214-019,4,27.76,20.0,22.2
2024-09-13,S-214,K-058,T-0913-S-214-020,3,30.21,21.75,24.15
2024-09-13,S-214,K-028,T-0913-S-214-021,4,56.96,41.0,45.52
2024-09-13,S-214,K-017,T-0913-S-214-022,3,8.34,6.0,6.66
2024-09-13,S-214,K-023,T-0913-S-214-023,2,18.06,13.0,14.44
2024-09-13,S-214,K-032,T-0913-S-214-024,4,73.6,53.0,58.84
2024-09-13,S-214,K-012,T-0913-S-214-025,2,30.56,22.0,24.42
2024-09-13,S-214,K-001,T-0913-S-214-026,3,11.46,8.25,9.15
2024-09-13,S-214,K-028,T-0913-S-214-027,2,28.48,20.5,22.76
2024-09-13,S-214,K-032,T-0913-S-214-028,4,73.6,53.0,58.84
2024-09-13,S-214,K-060,T-0913-S-214-029,4,48.6,35.0,38.84
2024-09-13,S-214,K-058,T-0913-S-214-030,4,40.28,29.0,32.2
2024-09-13,S-214,K-057,T-0913-S-214-031,2,18.06,13.0,14.44
2024-09-13,S-214,K-011,T-0913-S-214-032,3,42.72,30.75,34.14
2024-09-13,S-214,K-026,T-0913-S-214-033,3,36.45,26.25,29.13
2024-09-13,S-214,K-059,T-0913-S-214-034,4,44.44,32.0,35.52
2024-09-13,S-214,K-002,T-0913-S-214-035,2,9.72,7.0,7.78
2024-09-13,S-214,K-018,T-0913-S-214-036,3,11.46,8.25,9.15
2024-09-13,S-214,K-013,T-0913-S-214-037,3,48.96,35.25,39.12
2024-09-13,S-214,K-038,T-0913-S-214-038,2,13.88,10.0,11.1
2024-09-13,S-214,K-054,T-0913-S-214-039,1,5.9,4.25,4.72
2024-09-13,S-214,K-054,T-0913-S-214-040,1,5.9,4.25,4.72
2024-09-13,S-214,K-005,T-0913-S-214-041,3,23.97,17.25,19.14
2024-09-13,S-214,K-008,T-0913-S-214-042,2,22.22,16.0,17.76
2024-09-13,S-214,K-035,T-0913-S-214-043,1,3.82,2.75,3.05
2024-09-13,S-214,K-058,T-0913-S-214-044,4,40.28,29.0,32.2
2024-09-13,S-214,K-005,T-0913-S-214-045,2,15.98,11.5,12.76
2024-09-13,S-214,K-012,T-0913-S-214-046,4,61.12,44.0,48.84
2024-09-13,S-214,K-025,T-0913-S-214-047,2,22.22,16.0,17.76
2024-09-13,S-214,K-014,T-0913-S-214-048,4,69.44,50.0,55.52
2024-09-13,S-214,K-021,T-0913-S-214-049,2,13.88,10.0,11.1
2024-09-13,S-214,K-033,T-0913-S-214-050,3,58.32,42.0,46.62
2024-09-13,S-214,K-032,T-0913-S-214-051,1,18.4,13.25,14.71
2024-09-13,S-214,K-044,T-0913-S-214-052,2,26.38,19.0,21.1
2024-09-13,S-214,K-004,T-0913-S-214-053,1,6.94,5.0,5.55
2024-09-13,S-214,K-057,T-0913-S-214-054,1,9.03,6.5,7.22
2024-09-13,S-214,K-014,T-0913-S-214-055,3,52.08,37.5,41.64
2024-09-13,S-214,K-050,T-0913-S-214-056,2,38.88,28.0,31.08
2024-09-13,S-214,K-019,T-0913-S-214-057,1,4.86,3.5,3.89
2024-09-13,S-214,K-003,T-0913-S-214-058,1,5.9,4.25,4.72
2024-09-13,S-214,K-021,T-0913-S-214-059,3,20.82,15.0,16.65
2024-09-13,S-214,K-004,T-0913-S-214-060,1,6.94,5.0,5.55
2024-09-13,S-214,K-037,T-0913-S-214-061,4,23.6,17.0,18.88
2024-09-13,S-214,K-016,T-0913-S-214-062,2,38.88,28.0,31.08
2024-09-13,S-214,K-031,T-0913-S-214-063,1,17.36,12.5,13.88
2024-09-13,S-214,K-056,T-0913-S-214-064,1,7.99,5.75,6.38
2024-09-13,S-214,K-020,T-0913-S-214-065,1,5.9,4.25,4.72
2024-09-13,S-214,K-038,T-0913-S-214-066,2,13.88,10.0,11.1
2024-09-13,S-214,K-050,T-0913-S-214-067,4,77.76,56.0,62.16
2024-09-13,S-214,K-044,T-0913-S-214-068,2,26.38,19.0,21.1
2024-09-13,S-214,K-056,T-0913-S-214-069,3,23.97,17.25,19.14
2024-09-13,S-214,K-014,T-0913-S-214-070,4,69.44,50.0,55.52
2024-09-13,S-214,K-026,T-0913-S-214-071,1,12.15,8.75,9.71
2024-09-13,S-214,K-060,T-0913-S-214-072,2,24.3,17.5,19.42
2024-09-13,S-214,K-015,T-0913-S-214-073,3,55.2,39.75,44.13
2024-09-13,S-214,K-008,T-0913-S-214-074,3,33.33,24.0,26.64
2024-09-13,S-214,K-059,T-0913-S-214-075,3,33.33,24.0,26.64
2024-09-13,S-214,K-034,T-0913-S-214-076,1,2.78,2.0,2.22
2024-09-13,S-214,K-012,T-0913-S-214-077,4,61.12,44.0,48.84
2024-09-13,S-214,K-006,T-0913-S-214-078,2,18.06,13.0,14.44
2024-09-13,S-214,K-001,T-0913-S-214-079,1,3.82,2.75,3.05
2024-09-13,S-307,K-015,T-0913-S-307-000,2,36.8,26.5,29.42
2024-09-13,S-307,K-007,T-0913-S-307-001,3,30.21,21.75,24.15
2024-09-13,S-307,K-019,T-0913-S-307-002,4,19.44,14.0,15.56
2024-09-13,S-307,K-003,T-0913-S-307-003,2,11.8,8.5,9.44
2024-09-13,S-307,K-015,T-0913-S-307-004,1,18.4,13.25,14.71
2024-09-13,S-307,K-017,T-0913-S-307-005,2,5.56,4.0,4.44
2024-09-13,S-307,K-048,T-0913-S-307-006,3,52.08,37.5,41.64
2024-09-13,S-307,K-007,T-0913-S-307-007,2,20.14,14.5,16.1
2024-09-13,S-307,K-007,T-0913-S-307-008,2,20.14,14.5,16.1
2024-09-13,S-307,K-057,T-0913-S-307-009,4,36.12,26.0,28.88
2024-09-13,S-307,K-022,T-0913-S-307-010,4,31.96,23.0,25.52
2024-09-13,S-307,K-037,T-0913-S-307-011,1,5.9,4.25,4.72
2024-09-13,S-307,K-034,T-0913-S-307-012,1,2.78,2.0,2.22
2024-09-13,S-307,K-004,T-0913-S-307-013,2,13.88,10.0,11.1
2024-09-13,S-307,K-053,T-0913-S-307-014,3,14.58,10.5,11.67
2024-09-13,S-307,K-055,T-0913-S-307-015,3,20.82,15.0,16.65
2024-09-13,S-307,K-031,T-0913-S-307-016,1,17.36,12.5,13.88
2024-09-13,S-307,K-020,T-0913-S-307-017,2,11.8,8.5,9.44
2024-09-13,S-307,K-043,T-0913-S-307-018,3,36.45,26.25,29.13
2024-09-13,S-307,K-027,T-0913-S-307-019,3,39.57,28.5,31.65
2024-09-13,S-307,K-024,T-0913-S-307-020,1,10.07,7.25,8.05
2024-09-13,S-307,K-031,T-0913-S-307-021,1,17.36,12.5,13.88
2024-09-13,S-307,K-036,T-0913-S-307-022,3,14.58,10.5,11.67
2024-09-13,S-307,K-019,T-0913-S-307-023,2,9.72,7.0,7.78
2024-09-13,S-307,K-034,T-0913-S-307-024,3,8.34,6.0,6.66
2024-09-13,S-307,K-056,T-0913-S-307-025,1,7.99,5.75,6.38
2024-09-13,S-307,K-044,T-0913-S-307-026,4,52.76,38.0,42.2
2024-09-13,S-307,K-049,T-0913-S-307-027,1,18.4,13.25,14.71
2024-09-13,S-307,K-020,T-0913-S-307-028,3,17.7,12.75,14.16
2024-09-13,S-307,K-013,T-0913-S-307-029,1,16.32,11.75,13.04
2024-09-13,S-307,K-006,T-0913-S-307-030,1,9.03,6.5,7.22
2024-09-13,S-307,K-025,T-0913-S-307-031,1,11.11,8.0,8.88
2024-09-13,S-307,K-008,T-0913-S-307-032,3,33.33,24.0,26.64
2024-09-13,S-307,K-001,T-0913-S-307-033,4,15.28,11.0,12.2
2024-09-13,S-307,K-043,T-0913-S-307-034,2,24.3,17.5,19.42
2024-09-13,S-307,K-026,T-0913-S-307-035,2,24.3,17.5,19.42
2024-09-13,S-307,K-013,T-0913-S-307-036,3,48.96,35.25,39.12
2024-09-13,S-307,K-001,T-0913-S-307-037,2,7.64,5.5,6.1
2024-09-13,S-307,K-003,T-0913-S-307-038,1,5.9,4.25,4.72
2024-09-13,S-307,K-020,T-0913-S-307-039,1,5.9,4.25,4.72
2024-09-13,S-307,K-027,T-0913-S-307-040,3,39.57,28.5,31.65
2024-09-13,S-307,K-058,T-0913-S-307-041,1,10.07,7.25,8.05
2024-09-13,S-307,K-045,T-0913-S-307-042,4,56.96,41.0,45.52
2024-09-13,S-307,K-026,T-0913-S-307-043,2,24.3,17.5,19.42
2024-09-13,S-307,K-030,T-0913-S-307-044,2,32.64,23.5,26.08
2024-09-13,S-307,K-039,T-0913-S-307-045,2,15.98,11.5,12.76
2024-09-13,S-307,K-036,T-0913-S-307-046,1,4.86,3.5,3.89
2024-09-13,S-307,K-048,T-0913-S-307-047,1,17.36,12.5,13.88
2024-09-13,S-307,K-026,T-0913-S-307-048,2,24.3,17.5,19.42
2024-09-13,S-307,K-041,T-0913-S-307-049,3,30.21,21.75,24.15
2024-09-13,S-307,K-051,T-0913-S-307-050,4,11.12,8.0,8.88
2024-09-13,S-307,K-027,T-0913-S-307-051,2,26.38,19.0,21.1
2024-09-13,S-307,K-007,T-0913-S-307-052,1,10.07,7.25,8.05
2024-09-13,S-307,K-008,T-0913-S-307-053,3,33.33,24.0,26.64
2024-09-13,S-307,K-053,T-0913-S-307-054,4,19.44,14.0,15.56
2024-09-13,S-307,K-023,T-0913-S-307-055,4,36.12,26.0,28.88
2024-09-13,S-307,K-029,T-0913-S-307-056,3,45.84,33.0,36.63
2024-09-13,S-307,K-014,T-0913-S-307-057,4,69.44,50.0,55.52
2024-09-13,S-307,K-024,T-0913-S-307-058,4,40.28,29.0,32.2
2024-09-13,S-307,K-058,T-0913-S-307-059,2,20.14,14.5,16.1
2024-09-13,S-307,K-008,T-0913-S-307-060,4,44.44,32.0,35.52
2024-09-13,S-307,K-030,T-0913-S-307-061,3,48.96,35.25,39.12
2024-09-13,S-307,K-021,T-0913-S-307-062,3,20.82,15.0,16.65
2024-09-13,S-307,K-035,T-0913-S-307-063,4,15.28,11.0,12.2
2024-09-13,S-307,K-041,T-0913-S-307-064,4,40.28,29.0,32.2
2024-09-13,S-307,K-037,T-0913-S-307-065,4,23.6,17.0,18.88
2024-09-13,S-307,K-022,T-0913-S-307-066,4,31.96,23.0,25.52
2024-09-13,S-307,K-015,T-0913-S-307-067,4,73.6,53.0,58.84
2024-09-13,S-307,K-028,T-0913-S-307-068,2,28.48,20.5,22.76
2024-09-13,S-307,K-058,T-0913-S-307-069,2,20.14,14.5,16.1
2024-09-13,S-307,K-028,T-0913-S-307-070,3,42.72,30.75,34.14
2024-09-13,S-307,K-009,T-0913-S-307-071,3,36.45,26.25,29.13
2024-09-13,S-307,K-017,T-0913-S-307-072,2,5.56,4.0,4.44
2024-09-13,S-307,K-028,T-0913-S-307-073,2,28.48,20.5,22.76
2024-09-13,S-307,K-015,T-0913-S-307-074,3,55.2,39.75,44.13
2024-09-13,S-307,K-002,T-0913-S-307-075,3,14.58,10.5,11.67
2024-09-13,S-307,K-036,T-0913-S-307-076,3,14.58,10.5,11.67
2024-09-13,S-307,K-049,T-0913-S-307-077,4,73.6,53.0,58.84
2024-09-13,S-307,K-038,T-0913-S-307-078,3,20.82,15.0,16.65
2024-09-13,S-307,K-003,T-0913-S-307-079,4,23.6,17.0,18.88
2024-09-14,S-110,K-028,T-0914-S-110-000,2,28.48,20.5,22.76
2024-09-14,S-110,K-052,T-0914-S-110-001,3,11.46,8.25,9.15
2024-09-14,S-110,K-036,T-0914-S-110-002,2,9.72,7.0,7.78
2024-09-14,S-110,K-025,T-0914-S-110-003,1,11.11,8.0,8.88
2024-09-14,S-110,K-045,T-0914-S-110-004,2,28.48,20.5,22.76
2024-09-14,S-110,K-034,T-0914-S-110-005,3,8.34,6.0,6.66
2024-09-14,S-110,K-041,T-0914-S-110-006,4,40.28,29.0,32.2
2024-09-14,S-110,K-052,T-0914-S-110-007,4,15.28,11.0,12.2
2024-09-14,S-110,K-056,T-0914-S-110-008,2,15.98,11.5,12.76
2024-09-14,S-110,K-034,T-0914-S-110-009,4,11.12,8.0,8.88
2024-09-14,S-110,K-051,T-0914-S-110-010,2,5.56,4.0,4.44
2024-09-14,S-110,K-059,T-0914-S-110-011,2,22.22,16.0,17.76
2024-09-14,S-110,K-022,T-0914-S-110-012,3,23.97,17.25,19.14
2024-09-14,S-110,K-001,T-0914-S-110-013,1,3.82,2.75,3.05
2024-09-14,S-110,K-049,T-0914-S-110-014,3,55.2,39.75,44.13
2024-09-14,S-110,K-015,T-0914-S-110-015,1,18.4,13.25,14.71
2024-09-14,S-110,K-028,T-0914-S-110-016,1,14.24,10.25,11.38
2024-09-14,S-110,K-016,T-0914-S-110-017,1,19.44,14.0,15.54
2024-09-14,S-110,K-006,T-0914-S-110-018,3,27.09,19.5,21.66
2024-09-14,S-110,K-015,T-0914-S-110-019,3,55.2,39.75,44.13
2024-09-14,S-110,K-001,T-0914-S-110-020,2,7.64,5.5,6.1
2024-09-14,S-110,K-024,T-0914-S-110-021,1,10.07,7.25,8.05
2024-09-14,S-110,K-055,T-0914-S-110-022,2,13.88,10.0,11.1
2024-09-14,S-110,K-037,T-0914-S-110-023,1,5.9,4.25,4.72
2024-09-14,S-110,K-040,T-0914-S-110-024,1,9.03,6.5,7.22
2024-09-14,S-110,K-016,T-0914-S-110-025,3,58.32,42.0,46.62
2024-09-14,S-110,K-041,T-0914-S-110-026,2,20.14,14.5,16.1
2024-09-14,S-110,K-045,T-0914-S-110-027,3,42.72,30.75,34.14
2024-09-14,S-110,K-057,T-0914-S-110-028,2,18.06,13.0,14.44
2024-09-14,S-110,K-048,T-0914-S-110-029,1,17.36,12.5,13.88
2024-09-14,S-110,K-020,T-0914-S-110-030,4,23.6,17.0,18.88
2024-09-14,S-110,K-004,T-0914-S-110-031,3,20.82,15.0,16.65
2024-09-14,S-110,K-029,T-0914-S-110-032,3,45.84,33.0,36.63
2024-09-14,S-110,K-019,T-0914-S-110-033,2,9.72,7.0,7.78
2024-09-14,S-110,K-034,T-0914-S-110-034,4,11.12,8.0,8.88
2024-09-14,S-110,K-049,T-0914-S-110-035,1,18.4,13.25,14.71
2024-09-14,S-110,K-054,T-0914-S-110-036,4,23.6,17.0,18.88
2024-09-14,S-110,K-047,T-0914-S-110-037,2,32.64,23.5,26.08
2024-09-14,S-110,K-051,T-0914-S-110-038,4,11.12,8.0,8.88
2024-09-14,S-110,K-038,T-0914-S-110-039,3,20.82,15.0,16.65
2024-09-14,S-110,K-046,T-0914-S-110-040,2,30.56,22.0,24.42
2024-09-14,S-110,K-041,T-0914-S-110-041,1,10.07,7.25,8.05
2024-09-14,S-110,K-054,T-0914-S-110-042,4,23.6,17.0,18.88
2024-09-14,S-110,K-060,T-0914-S-110-043,3,36.45,26.25,29.13
2024-09-14,S-110,K-008,T-0914-S-110-044,1,11.11,8.0,8.88
2024-09-14,S-110,K-026,T-0914-S-110-045,2,24.3,17.5,19.42
2024-09-14,S-110,K-060,T-0914-S-110-046,3,36.45,26.25,29.13
2024-09-14,S-110,K-005,T-0914-S-110-047,2,15.98,11.5,12.76
2024-09-14,S-110,K-053,T-0914-S-110-048,1,4.86,3.5,3.89
2024-09-14,S-110,K-037,T-0914-S-110-049,4,23.6,17.0,18.88
2024-09-14,S-110,K-006,T-0914-S-110-050,4,36.12,26.0,28.88
2024-09-14,S-110,K-007,T-0914-S-110-051,1,10.07,7.25,8.05
2024-09-14,S-110,K-022,T-0914-S-110-052,3,23.97,17.25,19.14
2024-09-14,S-110,K-050,T-0914-S-110-053,4,77.76,56.0,62.16
2024-09-14,S-110,K-014,T-0914-S-110-054,3,52.08,37.5,41.64
2024-09-14,S-110,K-058,T-0914-S-110-055,2,20.14,14.5,16.1
2024-09-14,S-110,K-011,T-0914-S-110-056,2,28.48,20.5,22.76
2024-09-14,S-110,K-053,T-0914-S-110-057,4,19.44,14.0,15.56
2024-09-14,S-110,K-042,T-0914-S-110-058,3,33.33,24.0,26.64
2024-09-14,S-110,K-045,T-0914-S-110-059,4,56.96,41.0,45.52
2024-09-14,S-110,K-041,T-0914-S-110-060,4,40.28,29.0,32.2
2024-09-14,S-110,K-053,T-0914-S-110-061,2,9.72,7.0,7.78
2024-09-14,S-110,K-054,T-0914-S-110-062,1,5.9,4.25,4.72
2024-09-14,S-110,K-003,T-0914-S-110-063,4,23.6,17.0,18.88
2024-09-14,S-110,K-029,T-0914-S-110-064,1,15.28,11.0,12.21
2024-09-14,S-110,K-032,T-0914-S-110-065,3,55.2,39.75,44.13
2024-09-14,S-110,K-004,T-0914-S-110-066,2,13.88,10.0,11.1
2024-09-14,S-110,K-001,T-0914-S-110-067,3,11.46,8.25,9.15
2024-09-14,S-110,K-045,T-0914-S-110-068,1,14.24,10.25,11.38
2024-09-14,S-110,K-015,T-0914-S-110-069,1,18.4,13.25,14.71
2024-09-14,S-110,K-018,T-0914-S-110-070,4,15.28,11.0,12.2
2024-09-14,S-110,K-031,T-0914-S-110-071,1,17.36,12.5,13.88
2024-09-14,S-110,K-059,T-0914-S-110-072,4,44.44,32.0,35.52
2024-09-14,S-110,K-048,T-0914-S-110-073,3,52.08,37.5,41.64
2024-09-14,S-110,K-025,T-0914-S-110-074,2,22.22,16.0,17.76
2024-09-14,S-110,K-033,T-0914-S-110-075,3,58.32,42.0,46.62
2024-09-14,S-110,K-029,T-0914-S-110-076,3,45.84,33.0,36.63
2024-09-14,S-110,K-039,T-0914-S-110-077,4,31.96,23.0,25.52
2024-09-14,S-110,K-051,T-0914-S-110-078,4,11.12,8.0,8.88
2024-09-14,S-110,K-022,T-0914-S-110-079,2,15.98,11.5,12.76
2024-09-14,S-214,K-043,T-0914-S-214-000,1,12.15,8.75,9.71
2024-09-14,S-214,K-012,T-0914-S-214-001,4,61.12,44.0,48.84
2024-09-14,S-214,K-048,T-0914-S-214-002,4,69.44,50.0,55.52
2024-09-14,S-214,K-003,T-0914-S-214-003,3,17.7,12.75,14.16
2024-09-14,S-214,K-053,T-0914-S-214-004,1,4.86,3.5,3.89
2024-09-14,S-214,K-055,T-0914-S-214-005,1,6.94,5.0,5.55
2024-09-14,S-214,K-047,T-0914-S-214-006,3,48.96,35.25,39.12
2024-09-14,S-214,K-001,T-0914-S-214-007,4,15.28,11.0,12.2
2024-09-14,S-214,K-016,T-0914-S-214-008,2,38.88,28.0,31.08
2024-09-14,S-214,K-042,T-0914-S-214-009,4,44.44,32.0,35.52
2024-09-14,S-214,K-033,T-0914-S-214-010,4,77.76,56.0,62.16
2024-09-14,S-214,K-055,T-0914-S-214-011,1,6.94,5.0,5.55
2024-09-14,S-214,K-026,T-0914-S-214-012,4,48.6,35.0,38.84
2024-09-14,S-214,K-022,T-0914-S-214-013,1,7.99,5.75,6.38
2024-09-14,S-214,K-037,T-0914-S-214-014,3,17.7,12.75,14.16
2024-09-14,S-214,K-058,T-0914-S-214-015,1,10.07,7.25,8.05
2024-09-14,S-214,K-040,T-0914-S-214-016,3,27.09,19.5,21.66
2024-09-14,S-214,K-011,T-0914-S-214-017,2,28.48,20.5,22.76
2024-09-14,S-214,K-026,T-0914-S-214-018,1,12.15,8.75,9.71
2024-09-14,S-214,K-018,T-0914-S-214-019,3,11.46,8.25,9.15
2024-09-14,S-214,K-011,T-0914-S-214-020,4,56.96,41.0,45.52
2024-09-14,S-214,K-037,T-0914-S-214-021,2,11.8,8.5,9.44
2024-09-14,S-214,K-055,T-0914-S-214-022,3,20.82,15.0,16.65
2024-09-14,S-214,K-048,T-0914-S-214-023,3,52.08,37.5,41.64
2024-09-14,S-214,K-034,T-0914-S-214-024,1,2.78,2.0,2.22
2024-09-14,S-214,K-026,T-0914-S-214-025,3,36.45,26.25,29.13
2024-09-14,S-214,K-047,T-0914-S-214-026,4,65.28,47.0,52.16
2024-09-14,S-214,K-046,T-0914-S-214-027,4,61.12,44.0,48.84
2024-09-14,S-214,K-007,T-0914-S-214-028,4,40.28,29.0,32.2
2024-09-14,S-214,K-052,T-0914-S-214-029,3,11.46,8.25,9.15
2024-09-14,S-214,K-029,T-0914-S-214-030,4,61.12,44.0,48.84
2024-09-14,S-214,K-030,T-0914-S-214-031,3,48.96,35.25,39.12
2024-09-14,S-214,K-045,T-0914-S-214-032,4,56.96,41.0,45.52
2024-09-14,S-214,K-045,T-0914-S-214-033,4,56.96,41.0,45.52
2024-09-14,S-214,K-001,T-0914-S-214-034,4,15.28,11.0,12.2
2024-09-14,S-214,K-017,T-0914-S-214-035,1,2.78,2.0,2.22
2024-09-14,S-214,K-037,T-0914-S-214-036,2,11.8,8.5,9.44
2024-09-14,S-214,K-009,T-0914-S-214-037,2,24.3,17.5,19.42
2024-09-14,S-214,K-052,T-0914-S-214-038,4,15.28,11.0,12.2
2024-09-14,S-214,K-011,T-0914-S-214-039,3,42.72,30.75,34.14
2024-09-14,S-214,K-028,T-0914-S-214-040,3,42.72,30.75,34.14
2024-09-14,S-214,K-003,T-0914-S-214-041,1,5.9,4.25,4.72
2024-09-14,S-214,K-055,T-0914-S-214-042,1,6.94,5.0,5.55
2024-09-14,S-214,K-041,T-0914-S-214-043,2,20.14,14.5,16.1
2024-09-14,S-214,K-038,T-0914-S-214-044,2,13.88,10.0,11.1
2024-09-14,S-214,K-017,T-0914-S-214-045,3,8.34,6.0,6.66
2024-09-14,S-214,K-003,T-0914-S-214-046,4,23.6,17.0,18.88
2024-09-14,S-214,K-003,T-0914-S-214-047,4,23.6,17.0,18.88
2024-09-14,S-214,K-009,T-0914-S-214-048,2,24.3,17.5,19.42
2024-09-14,S-214,K-040,T-0914-S-214-049,2,18.06,13.0,14.44
2024-09-14,S-214,K-007,T-0914-S-214-050,1,10.07,7.25,8.05
2024-09-14,S-214,K-051,T-0914-S-214-051,3,8.34,6.0,6.66
2024-09-14,S-214,K-046,T-0914-S-214-052,3,45.84,33.0,36.63
2024-09-14,S-214,K-008,T-0914-S-214-053,2,22.22,16.0,17.76
2024-09-14,S-214,K-014,T-0914-S-214-054,1,17.36,12.5,13.88
2024-09-14,S-214,K-039,T-0914-S-214-055,3,23.97,17.25,19.14
2024-09-14,S-214,K-056,T-0914-S-214-056,2,15.98,11.5,12.76
2024-09-14,S-214,K-057,T-0914-S-214-057,4,36.12,26.0,28.88
2024-09-14,S-214,K-050,T-0914-S-214-058,2,38.88,28.0,31.08
2024-09-14,S-214,K-033,T-0914-S-214-059,3,58.32,42.0,46.62
2024-09-14,S-214,K-049,T-0914-S-214-060,4,73.6,53.0,58.84
2024-09-14,S-214,K-052,T-0914-S-214-061,3,11.46,8.25,9.15
2024-09-14,S-214,K-051,T-0914-S-214-062,2,5.56,4.0,4.44
2024-09-14,S-214,K-023,T-0914-S-214-063,1,9.03,6.5,7.22
2024-09-14,S-214,K-016,T-0914-S-214-064,3,58.32,42.0,46.62
2024-09-14,S-214,K-008,T-0914-S-214-065,3,33.33,24.0,26.64
2024-09-14,S-214,K-035,T-0914-S-214-066,3,11.46,8.25,9.15
2024-09-14,S-214,K-005,T-0914-S-214-067,4,31.96,23.0,25.52
2024-09-14,S-214,K-031,T-0914-S-214-068,4,69.44,50.0,55.52
2024-09-14,S-214,K-006,T-0914-S-214-069,2,18.06,13.0,14.44
2024-09-14,S-214,K-060,T-0914-S-214-070,3,36.45,26.25,29.13
2024-09-14,S-214,K-056,T-0914-S-214-071,3,23.97,17.25,19.14
2024-09-14,S-214,K-019,T-0914-S-214-072,4,19.44,14.0,15.56
2024-09-14,S-214,K-040,T-0914-S-214-073,4,36.12,26.0,28.88
2024-09-14,S-214,K-024,T-0914-S-214-074,4,40.28,29.0,32.2
2024-09-14,S-214,K-015,T-0914-S-214-075,4,73.6,53.0,58.84
2024-09-14,S-214,K-001,T-0914-S-214-076,1,3.82,2.75,3.05
2024-09-14,S-214,K-034,T-0914-S-214-077,3,8.34,6.0,6.66
2024-09-14,S-214,K-051,T-0914-S-214-078,4,11.12,8.0,8.88
2024-09-14,S-214,K-051,T-0914-S-214-079,1,2.78,2.0,2.22
2024-09-14,S-307,K-012,T-0914-S-307-000,4,61.12,44.0,48.84
2024-09-14,S-307,K-048,T-0914-S-307-001,3,52.08,37.5,41.64
2024-09-14,S-307,K-034,T-0914-S-307-002,3,8.34,6.0,6.66
2024-09-14,S-307,K-022,T-0914-S-307-003,4,31.96,23.0,25.52
2024-09-14,S-307,K-046,T-0914-S-307-004,3,45.84,33.0,36.63
2024-09-14,S-307,K-030,T-0914-S-307-005,3,48.96,35.25,39.12
2024-09-14,S-307,K-057,T-0914-S-307-006,3,27.09,19.5,21.66
2024-09-14,S-307,K-059,T-0914-S-307-007,4,44.44,32.0,35.52
2024-09-14,S-307,K-057,T-0914-S-307-008,3,27.09,19.5,21.66
2024-09-14,S-307,K-047,T-0914-S-307-009,3,48.96,35.25,39.12
2024-09-14,S-307,K-026,T-0914-S-307-010,3,36.45,26.25,29.13
2024-09-14,S-307,K-043,T-0914-S-307-011,2,24.3,17.5,19.42
2024-09-14,S-307,K-052,T-0914-S-307-012,3,11.46,8.25,9.15
2024-09-14,S-307,K-001,T-0914-S-307-013,4,15.28,11.0,12.2
2024-09-14,S-307,K-017,T-0914-S-307-014,4,11.12,8.0,8.88
2024-09-14,S-307,K-041,T-0914-S-307-015,3,30.21,21.75,24.15
2024-09-14,S-307,K-023,T-0914-S-307-016,3,27.09,19.5,21.66
2024-09-14,S-307,K-047,T-0914-S-307-017,1,16.32,11.75,13.04
2024-09-14,S-307,K-021,T-0914-S-307-018,3,20.82,15.0,16.65
2024-09-14,S-307,K-053,T-0914-S-307-019,3,14.58,10.5,11.67
2024-09-14,S-307,K-005,T-0914-S-307-020,1,7.99,5.75,6.38
2024-09-14,S-307,K-012,T-0914-S-307-021,1,15.28,11.0,12.21
2024-09-14,S-307,K-019,T-0914-S-307-022,2,9.72,7.0,7.78
2024-09-14,S-307,K-015,T-0914-S-307-023,2,36.8,26.5,29.42
2024-09-14,S-307,K-030,T-0914-S-307-024,2,32.64,23.5,26.08
2024-09-14,S-307,K-046,T-0914-S-307-025,3,45.84,33.0,36.63
2024-09-14,S-307,K-005,T-0914-S-307-026,4,31.96,23.0,25.52
2024-09-14,S-307,K-016,T-0914-S-307-027,1,19.44,14.0,15.54
2024-09-14,S-307,K-040,T-0914-S-307-028,3,27.09,19.5,21.66
2024-09-14,S-307,K-038,T-0914-S-307-029,4,27.76,20.0,22.2
2024-09-14,S-307,K-040,T-0914-S-307-030,4,36.12,26.0,28.88
2024-09-14,S-307,K-007,T-0914-S-307-031,4,40.28,29.0,32.2
2024-09-14,S-307,K-046,T-0914-S-307-032,3,45.84,33.0,36.63
2024-09-14,S-307,K-025,T-0914-S-307-033,3,33.33,24.0,26.64
2024-09-14,S-307,K-025,T-0914-S-307-034,2,22.22,16.0,17.76
2024-09-14,S-307,K-009,T-0914-S-307-035,4,48.6,35.0,38.84
2024-09-14,S-307,K-030,T-0914-S-307-036,3,48.96,35.25,39.12
2024-09-14,S-307,K-030,T-0914-S-307-037,4,65.28,47.0,52.16
2024-09-14,S-307,K-034,T-0914-S-307-038,3,8.34,6.0,6.66
2024-09-14,S-307,K-034,T-0914-S-307-039,4,11.12,8.0,8.88
2024-09-14,S-307,K-057,T-0914-S-307-040,3,27.09,19.5,21.66
2024-09-14,S-307,K-004,T-0914-S-307-041,2,13.88,10.0,11.1
2024-09-14,S-307,K-043,T-0914-S-307-042,1,12.15,8.75,9.71
2024-09-14,S-307,K-011,T-0914-S-307-043,4,56.96,41.0,45.52
2024-09-14,S-307,K-022,T-0914-S-307-044,3,23.97,17.25,19.14
2024-09-14,S-307,K-015,T-0914-S-307-045,2,36.8,26.5,29.42
2024-09-14,S-307,K-016,T-0914-S-307-046,4,77.76,56.0,62.16
2024-09-14,S-307,K-023,T-0914-S-307-047,1,9.03,6.5,7.22
2024-09-14,S-307,K-029,T-0914-S-307-048,1,15.28,11.0,12.21
2024-09-14,S-307,K-040,T-0914-S-307-049,2,18.06,13.0,14.44
2024-09-14,S-307,K-008,T-0914-S-307-050,3,33.33,24.0,26.64
2024-09-14,S-307,K-012,T-0914-S-307-051,1,15.28,11.0,12.21
2024-09-14,S-307,K-050,T-0914-S-307-052,2,38.88,28.0,31.08
2024-09-14,S-307,K-035,T-0914-S-307-053,1,3.82,2.75,3.05
2024-09-14,S-307,K-049,T-0914-S-307-054,4,73.6,53.0,58.84
2024-09-14,S-307,K-043,T-0914-S-307-055,4,48.6,35.0,38.84
2024-09-14,S-307,K-017,T-0914-S-307-056,2,5.56,4.0,4.44
2024-09-14,S-307,K-028,T-0914-S-307-057,4,56.96,41.0,45.52
2024-09-14,S-307,K-050,T-0914-S-307-058,2,38.88,28.0,31.08
2024-09-14,S-307,K-012,T-0914-S-307-059,2,30.56,22.0,24.42
2024-09-14,S-307,K-034,T-0914-S-307-060,3,8.34,6.0,6.66
2024-09-14,S-307,K-035,T-0914-S-307-061,2,7.64,5.5,6.1
2024-09-14,S-307,K-006,T-0914-S-307-062,1,9.03,6.5,7.22
2024-09-14,S-307,K-016,T-0914-S-307-063,2,38.88,28.0,31.08
2024-09-14,S-307,K-005,T-0914-S-307-064,2,15.98,11.5,12.76
2024-09-14,S-307,K-024,T-0914-S-307-065,2,20.14,14.5,16.1
2024-09-14,S-307,K-025,T-0914-S-307-066,1,11.11,8.0,8.88
2024-09-14,S-307,K-011,T-0914-S-307-067,3,42.72,30.75,34.14
2024-09-14,S-307,K-051,T-0914-S-307-068,1,2.78,2.0,2.22
2024-09-14,S-307,K-057,T-0914-S-307-069,2,18.06,13.0,14.44
2024-09-14,S-307,K-060,T-0914-S-307-070,1,12.15,8.75,9.71
2024-09-14,S-307,K-045,T-0914-S-307-071,3,42.72,30.75,34.14
2024-09-14,S-307,K-024,T-0914-S-307-072,3,30.21,21.75,24.15
2024-09-14,S-307,K-006,T-0914-S-307-073,3,27.09,19.5,21.66
2024-09-14,S-307,K-001,T-0914-S-307-074,2,7.64,5.5,6.1
2024-09-14,S-307,K-009,T-0914-S-307-075,1,12.15,8.75,9.71
2024-09-14,S-307,K-029,T-0914-S-307-076,3,45.84,33.0,36.63
2024-09-14,S-307,K-033,T-0914-S-307-077,1,19.44,14.0,15.54
2024-09-14,S-307,K-041,T-0914-S-307-078,4,40.28,29.0,32.2
2024-09-14,S-307,K-041,T-0914-S-307-079,2,20.14,14.5,16.1
2024-09-15,S-110,K-034,T-0915-S-110-000,2,5.56,4.0,4.44
2024-09-15,S-110,K-041,T-0915-S-110-001,1,10.07,7.25,8.05
2024-09-15,S-110,K-045,T-0915-S-110-002,3,42.72,30.75,34.14
2024-09-15,S-110,K-032,T-0915-S-110-003,1,18.4,13.25,14.71
2024-09-15,S-110,K-044,T-0915-S-110-004,1,13.19,9.5,10.55
2024-09-15,S-110,K-001,T-0915-S-110-005,2,7.64,5.5,6.1
2024-09-15,S-110,K-029,T-0915-S-110-006,1,15.28,11.0,12.21
2024-09-15,S-110,K-029,T-0915-S-110-007,1,15.28,11.0,12.21
2024-09-15,S-110,K-017,T-0915-S-110-008,2,5.56,4.0,4.44
2024-09-15,S-110,K-006,T-0915-S-110-009,3,27.09,19.5,21.66
2024-09-15,S-110,K-059,T-0915-S-110-010,1,11.11,8.0,8.88
2024-09-15,S-110,K-043,T-0915-S-110-011,1,12.15,8.75,9.71
2024-09-15,S-110,K-041,T-0915-S-110-012,1,10.07,7.25,8.05
2024-09-15,S-110,K-031,T-0915-S-110-013,4,69.44,50.0,55.52
2024-09-15,S-110,K-035,T-0915-S-110-014,3,11.46,8.25,9.15
2024-09-15,S-110,K-055,T-0915-S-110-015,2,13.88,10.0,11.1
2024-09-15,S-110,K-049,T-0915-S-110-016,2,36.8,26.5,29.42
2024-09-15,S-110,K-025,T-0915-S-110-017,3,33.33,24.0,26.64
2024-09-15,S-110,K-035,T-0915-S-110-018,4,15.28,11.0,12.2
2024-09-15,S-110,K-058,T-0915-S-110-019,3,30.21,21.75,24.15
2024-09-15,S-110,K-018,T-0915-S-110-020,1,3.82,2.75,3.05
2024-09-15,S-110,K-027,T-0915-S-110-021,1,13.19,9.5,10.55
2024-09-15,S-110,K-023,T-0915-S-110-022,4,36.12,26.0,28.88
2024-09-15,S-110,K-036,T-0915-S-110-023,4,19.44,14.0,15.56
2024-09-15,S-110,K-031,T-0915-S-110-024,2,34.72,25.0,27.76
2024-09-15,S-110,K-035,T-0915-S-110-025,4,15.28,11.0,12.2
2024-09-15,S-110,K-039,T-0915-S-110-026,2,15.98,11.5,12.76
2024-09-15,S-110,K-055,T-0915-S-110-027,4,27.76,20.0,22.2
2024-09-15,S-110,K-027,T-0915-S-110-028,4,52.76,38.0,42.2
2024-09-15,S-110,K-049,T-0915-S-110-029,2,36.8,26.5,29.42
2024-09-15,S-110,K-044,T-0915-S-110-030,2,26.38,19.0,21.1
2024-09-15,S-110,K-030,T-0915-S-110-031,4,65.28,47.0,52.16
2024-09-15,S-110,K-054,T-0915-S-110-032,2,11.8,8.5,9.44
2024-09-15,S-110,K-033,T-0915-S-110-033,1,19.44,14.0,15.54
2024-09-15,S-110,K-057,T-0915-S-110-034,2,18.06,13.0,14.44
2024-09-15,S-110,K-021,T-0915-S-110-035,4,27.76,20.0,22.2
2024-09-15,S-110,K-037,T-0915-S-110-036,2,11.8,8.5,9.44
2024-09-15,S-110,K-058,T-0915-S-110-037,4,40.28,29.0,32.2
2024-09-15,S-110,K-003,T-0915-S-110-038,2,11.8,8.5,9.44
2024-09-15,S-110,K-010,T-0915-S-110-039,1,13.19,9.5,10.55
2024-09-15,S-110,K-003,T-0915-S-110-040,3,17.7,12.75,14.16
2024-09-15,S-110,K-059,T-0915-S-110-041,2,22.22,16.0,17.76
2024-09-15,S-110,K-008,T-0915-S-110-042,2,22.22,16.0,17.76
2024-09-15,S-110,K-058,T-0915-S-110-043,4,40.28,29.0,32.2
2024-09-15,S-110,K-020,T-0915-S-110-044,4,23.6,17.0,18.88
2024-09-15,S-110,K-037,T-0915-S-110-045,4,23.6,17.0,18.88
2024-09-15,S-110,K-003,T-0915-S-110-046,4,23.6,17.0,18.88
2024-09-15,S-110,K-035,T-0915-S-110-047,2,7.64,5.5,6.1
2024-09-15,S-110,K-019,T-0915-S-110-048,4,19.44,14.0,15.56
2024-09-15,S-110,K-012,T-0915-S-110-049,4,61.12,44.0,48.84
2024-09-15,S-110,K-055,T-0915-S-110-050,3,20.82,15.0,16.65
2024-09-15,S-110,K-041,T-0915-S-110-051,4,40.28,29.0,32.2
2024-09-15,S-110,K-052,T-0915-S-110-052,1,3.82,2.75,3.05
2024-09-15,S-110,K-009,T-0915-S-110-053,1,12.15,8.75,9.71
2024-09-15,S-110,K-029,T-0915-S-110-054,3,45.84,33.0,36.63
2024-09-15,S-110,K-014,T-0915-S-110-055,2,34.72,25.0,27.76
2024-09-15,S-110,K-031,T-0915-S-110-056,4,69.44,50.0,55.52
2024-09-15,S-110,K-058,T-0915-S-110-057,2,20.14,14.5,16.1
2024-09-15,S-110,K-015,T-0915-S-110-058,3,55.2,39.75,44.13
2024-09-15,S-110,K-054,T-0915-S-110-059,2,11.8,8.5,9.44
2024-09-15,S-110,K-052,T-0915-S-110-060,2,7.64,5.5,6.1
2024-09-15,S-110,K-015,T-0915-S-110-061,4,73.6,53.0,58.84
2024-09-15,S-110,K-016,T-0915-S-110-062,1,19.44,14.0,15.54
2024-09-15,S-110,K-050,T-0915-S-110-063,3,58.32,42.0,46.62
2024-09-15,S-110,K-052,T-0915-S-110-064,4,15.28,11.0,12.2
2024-09-15,S-110,K-053,T-0915-S-110-065,2,9.72,7.0,7.78
2024-09-15,S-110,K-032,T-0915-S-110-066,2,36.8,26.5,29.42
2024-09-15,S-110,K-007,T-0915-S-110-067,4,40.28,29.0,32.2
2024-09-15,S-110,K-060,T-0915-S-110-068,4,48.6,35.0,38.84
2024-09-15,S-110,K-006,T-0915-S-110-069,1,9.03,6.5,7.22
2024-09-15,S-110,K-002,T-0915-S-110-070,3,14.58,10.5,11.67
2024-09-15,S-110,K-026,T-0915-S-110-071,4,48.6,35.0,38.84
2024-09-15,S-110,K-058,T-0915-S-110-072,1,10.07,7.25,8.05
2024-09-15,S-110,K-053,T-0915-S-110-073,2,9.72,7.0,7.78
2024-09-15,S-110,K-020,T-0915-S-110-074,2,11.8,8.5,9.44
2024-09-15,S-110,K-005,T-0915-S-110-075,4,31.96,23.0,25.52
2024-09-15,S-110,K-056,T-0915-S-110-076,4,31.96,23.0,25.52
2024-09-15,S-110,K-017,T-0915-S-110-077,2,5.56,4.0,4.44
2024-09-15,S-110,K-020,T-0915-S-110-078,4,23.6,17.0,18.88
2024-09-15,S-110,K-040,T-0915-S-110-079,4,36.12,26.0,28.88
2024-09-15,S-214,K-051,T-0915-S-214-000,4,11.12,8.0,8.88
2024-09-15,S-214,K-008,T-0915-S-214-001,4,44.44,32.0,35.52
2024-09-15,S-214,K-044,T-0915-S-214-002,3,39.57,28.5,31.65
2024-09-15,S-214,K-021,T-0915-S-214-003,2,13.88,10.0,11.1
2024-09-15,S-214,K-054,T-0915-S-214-004,2,11.8,8.5,9.44
2024-09-15,S-214,K-030,T-0915-S-214-005,3,48.96,35.25,39.12
2024-09-15,S-214,K-020,T-0915-S-214-006,2,11.8,8.5,9.44
2024-09-15,S-214,K-044,T-0915-S-214-007,3,39.57,28.5,31.65
2024-09-15,S-214,K-024,T-0915-S-214-008,1,10.07,7.25,8.05
2024-09-15,S-214,K-032,T-0915-S-214-009,2,36.8,26.5,29.42
2024-09-15,S-214,K-048,T-0915-S-214-010,3,52.08,37.5,41.64
2024-09-15,S-214,K-051,T-0915-S-214-011,1,2.78,2.0,2.22
2024-09-15,S-214,K-053,T-0915-S-214-012,1,4.86,3.5,3.89
2024-09-15,S-214,K-016,T-0915-S-214-013,1,19.44,14.0,15.54
2024-09-15,S-214,K-048,T-0915-S-214-014,3,52.08,37.5,41.64
2024-09-15,S-214,K-043,T-0915-S-214-015,1,12.15,8.75,9.71
2024-09-15,S-214,K-046,T-0915-S-214-016,3,45.84,33.0,36.63
2024-09-15,S-214,K-024,T-0915-S-214-017,4,40.28,29.0,32.2
2024-09-15,S-214,K-026,T-0915-S-214-018,2,24.3,17.5,19.42
2024-09-15,S-214,K-020,T-0915-S-214-019,3,17.7,12.75,14.16
2024-09-15,S-214,K-048,T-0915-S-214-020,1,17.36,12.5,13.88
2024-09-15,S-214,K-008,T-0915-S-214-021,3,33.33,24.0,26.64
2024-09-15,S-214,K-008,T-0915-S-214-022,4,44.44,32.0,35.52
2024-09-15,S-214,K-004,T-0915-S-214-023,4,27.76,20.0,22.2
2024-09-15,S-214,K-043,T-0915-S-214-024,4,48.6,35.0,38.84
2024-09-15,S-214,K-013,T-0915-S-214-025,3,48.96,35.25,39.12
2024-09-15,S-214,K-014,T-0915-S-214-026,2,34.72,25.0,27.76
2024-09-15,S-214,K-033,T-0915-S-214-027,3,58.32,42.0,46.62
2024-09-15,S-214,K-005,T-0915-S-214-028,4,31.96,23.0,25.52
2024-09-15,S-214,K-052,T-0915-S-214-029,1,3.82,2.75,3.05
2024-09-15,S-214,K-001,T-0915-S-214-030,2,7.64,5.5,6.1
2024-09-15,S-214,K-048,T-0915-S-214-031,4,69.44,50.0,55.52
2024-09-15,S-214,K-035,T-0915-S-214-032,3,11.46,8.25,9.15
2024-09-15,S-214,K-033,T-0915-S-214-033,4,77.76,56.0,62.16
2024-09-15,S-214,K-005,T-0915-S-214-034,3,23.97,17.25,19.14
2024-09-15,S-214,K-037,T-0915-S-214-035,1,5.9,4.25,4.72
2024-09-15,S-214,K-016,T-0915-S-214-036,4,77.76,56.0,62.16
2024-09-15,S-214,K-008,T-0915-S-214-037,2,22.22,16.0,17.76
2024-09-15,S-214,K-019,T-0915-S-214-038,1,4.86,3.5,3.89
2024-09-15,S-214,K-056,T-0915-S-214-039,1,7.99,5.75,6.38
2024-09-15,S-214,K-050,T-0915-S-214-040,2,38.88,28.0,31.08
2024-09-15,S-214,K-049,T-0915-S-214-041,4,73.6,53.0,58.84
2024-09-15,S-214,K-049,T-0915-S-214-042,1,18.4,13.25,14.71
2024-09-15,S-214,K-010,T-0915-S-214-043,2,26.38,19.0,21.1
2024-09-15,S-214,K-031,T-0915-S-214-044,4,69.44,50.0,55.52
2024-09-15,S-214,K-009,T-0915-S-214-045,2,24.3,17.5,19.42
2024-09-15,S-214,K-041,T-0915-S-214-046,2,20.14,14.5,16.1
2024-09-15,S-214,K-038,T-0915-S-214-047,3,20.82,15.0,16.65
2024-09-15,S-214,K-013,T-0915-S-214-048,1,16.32,11.75,13.04
2024-09-15,S-214,K-028,T-0915-S-214-049,2,28.48,20.5,22.76
2024-09-15,S-214,K-017,T-0915-S-214-050,3,8.34,6.0,6.66
2024-09-15,S-214,K-024,T-0915-S-214-051,1,10.07,7.25,8.05
2024-09-15,S-214,K-030,T-0915-S-214-052,1,16.32,11.75,13.04
2024-09-15,S-214,K-004,T-0915-S-214-053,1,6.94,5.0,5.55
2024-09-15,S-214,K-038,T-0915-S-214-054,1,6.94,5.0,5.55
2024-09-15,S-214,K-018,T-0915-S-214-055,1,3.82,2.75,3.05
2024-09-15,S-214,K-034,T-0915-S-214-056,2,5.56,4.0,4.44
2024-09-15,S-214,K-036,T-0915-S-214-057,4,19.44,14.0,15.56
2024-09-15,S-214,K-019,T-0915-S-214-058,4,19.44,14.0,15.56
2024-09-15,S-214,K-018,T-0915-S-214-059,3,11.46,8.25,9.15
2024-09-15,S-214,K-027,T-0915-S-214-060,2,26.38,19.0,21.1
2024-09-15,S-214,K-045,T-0915-S-214-061,2,28.48,20.5,22.76
2024-09-15,S-214,K-011,T-0915-S-214-062,1,14.24,10.25,11.38
2024-09-15,S-214,K-041,T-0915-S-214-063,2,20.14,14.5,16.1
2024-09-15,S-214,K-056,T-0915-S-214-064,2,15.98,11.5,12.76
2024-09-15,S-214,K-017,T-0915-S-214-065,2,5.56,4.0,4.44
2024-09-15,S-214,K-035,T-0915-S-214-066,1,3.82,2.75,3.05
2024-09-15,S-214,K-031,T-0915-S-214-067,1,17.36,12.5,13.88
2024-09-15,S-214,K-020,T-0915-S-214-068,1,5.9,4.25,4.72
2024-09-15,S-214,K-047,T-0915-S-214-069,3,48.96,35.25,39.12
2024-09-15,S-214,K-023,T-0915-S-214-070,3,27.09,19.5,21.66
2024-09-15,S-214,K-016,T-0915-S-214-071,4,77.76,56.0,62.16
2024-09-15,S-214,K-026,T-0915-S-214-072,3,36.45,26.25,29.13
2024-09-15,S-214,K-004,T-0915-S-214-073,3,20.82,15.0,16.65
2024-09-15,S-214,K-045,T-0915-S-214-074,2,28.48,20.5,22.76
2024-09-15,S-214,K-060,T-0915-S-214-075,4,48.6,35.0,38.84
2024-09-15,S-214,K-060,T-0915-S-214-076,4,48.6,35.0,38.84
2024-09-15,S-214,K-028,T-0915-S-214-077,2,28.48,20.5,22.76
2024-09-15,S-214,K-050,T-0915-S-214-078,3,58.32,42.0,46.62
2024-09-15,S-214,K-043,T-0915-S-214-079,3,36.45,26.25,29.13
2024-09-15,S-307,K-008,T-0915-S-307-000,2,22.22,16.0,17.76
2024-09-15,S-307,K-010,T-0915-S-307-001,1,13.19,9.5,10.55
2024-09-15,S-307,K-047,T-0915-S-307-002,2,32.64,23.5,26.08
2024-09-15,S-307,K-007,T-0915-S-307-003,3,30.21,21.75,24.15
2024-09-15,S-307,K-038,T-0915-S-307-004,4,27.76,20.0,22.2
2024-09-15,S-307,K-047,T-0915-S-307-005,3,48.96,35.25,39.12
2024-09-15,S-307,K-049,T-0915-S-307-006,1,18.4,13.25,14.71
2024-09-15,S-307,K-004,T-0915-S-307-007,2,13.88,10.0,11.1
2024-09-15,S-307,K-029,T-0915-S-307-008,3,45.84,33.0,36.63
2024-09-15,S-307,K-003,T-0915-S-307-009,3,17.7,12.75,14.16
2024-09-15,S-307,K-026,T-0915-S-307-010,3,36.45,26.25,29.13
2024-09-15,S-307,K-052,T-0915-S-307-011,4,15.28,11.0,12.2
2024-09-15,S-307,K-013,T-0915-S-307-012,1,16.32,11.75,13.04
2024-09-15,S-307,K-043,T-0915-S-307-013,4,48.6,35.0,38.84
2024-09-15,S-307,K-052,T-0915-S-307-014,3,11.46,8.25,9.15
2024-09-15,S-307,K-059,T-0915-S-307-015,2,22.22,16.0,17.76
2024-09-15,S-307,K-019,T-0915-S-307-016,2,9.72,7.0,7.78
2024-09-15,S-307,K-025,T-0915-S-307-017,1,11.11,8.0,8.88
2024-09-15,S-307,K-033,T-0915-S-307-018,2,38.88,28.0,31.08
2024-09-15,S-307,K-024,T-0915-S-307-019,2,20.14,14.5,16.1
2024-09-15,S-307,K-021,T-0915-S-307-020,2,13.88,10.0,11.1
2024-09-15,S-307,K-028,T-0915-S-307-021,3,42.72,30.75,34.14
2024-09-15,S-307,K-031,T-0915-S-307-022,1,17.36,12.5,13.88
2024-09-15,S-307,K-013,T-0915-S-307-023,3,48.96,35.25,39.12
2024-09-15,S-307,K-040,T-0915-S-307-024,1,9.03,6.5,7.22
2024-09-15,S-307,K-040,T-0915-S-307-025,3,27.09,19.5,21.66
2024-09-15,S-307,K-028,T-0915-S-307-026,1,14.24,10.25,11.38
2024-09-15,S-307,K-011,T-0915-S-307-027,3,42.72,30.75,34.14
2024-09-15,S-307,K-001,T-0915-S-307-028,2,7.64,5.5,6.1
2024-09-15,S-307,K-011,T-0915-S-307-029,1,14.24,10.25,11.38
2024-09-15,S-307,K-040,T-0915-S-307-030,4,36.12,26.0,28.88
2024-09-15,S-307,K-021,T-0915-S-307-031,1,6.94,5.0,5.55
2024-09-15,S-307,K-049,T-0915-S-307-032,1,18.4,13.25,14.71
2024-09-15,S-307,K-036,T-0915-S-307-033,3,14.58,10.5,11.67
2024-09-15,S-307,K-055,T-0915-S-307-034,3,20.82,15.0,16.65
2024-09-15,S-307,K-046,T-0915-S-307-035,1,15.28,11.0,12.21
2024-09-15,S-307,K-003,T-0915-S-307-036,2,11.8,8.5,9.44
2024-09-15,S-307,K-030,T-0915-S-307-037,3,48.96,35.25,39.12
2024-09-15,S-307,K-024,T-0915-S-307-038,1,10.07,7.25,8.05
2024-09-15,S-307,K-057,T-0915-S-307-039,1,9.03,6.5,7.22
2024-09-15,S-307,K-056,T-0915-S-307-040,2,15.98,11.5,12.76
2024-09-15,S-307,K-019,T-0915-S-307-041,3,14.58,10.5,11.67
2024-09-15,S-307,K-024,T-0915-S-307-042,3,30.21,21.75,24.15
2024-09-15,S-307,K-057,T-0915-S-307-043,2,18.06,13.0,14.44
2024-09-15,S-307,K-003,T-0915-S-307-044,3,17.7,12.75,14.16
2024-09-15,S-307,K-017,T-0915-S-307-045,3,8.34,6.0,6.66
2024-09-15,S-307,K-058,T-0915-S-307-046,2,20.14,14.5,16.1
2024-09-15,S-307,K-025,T-0915-S-307-047,4,44.44,32.0,35.52
2024-09-15,S-307,K-044,T-0915-S-307-048,2,26.38,19.0,21.1
2024-09-15,S-307,K-004,T-0915-S-307-049,4,27.76,20.0,22.2
2024-09-15,S-307,K-045,T-0915-S-307-050,1,14.24,10.25,11.38
2024-09-15,S-307,K-008,T-0915-S-307-051,4,44.44,32.0,35.52
2024-09-15,S-307,K-054,T-0915-S-307-052,4,23.6,17.0,18.88
2024-09-15,S-307,K-027,T-0915-S-307-053,1,13.19,9.5,10.55
2024-09-15,S-307,K-028,T-0915-S-307-054,4,56.96,41.0,45.52
2024-09-15,S-307,K-029,T-0915-S-307-055,4,61.12,44.0,48.84
2024-09-15,S-307,K-017,T-0915-S-307-056,1,2.78,2.0,2.22
2024-09-15,S-307,K-031,T-0915-S-307-057,1,17.36,12.5,13.88
2024-09-15,S-307,K-026,T-0915-S-307-058,4,48.6,35.0,38.84
2024-09-15,S-307,K-048,T-0915-S-307-059,2,34.72,25.0,27.76
2024-09-15,S-307,K-037,T-0915-S-307-060,1,5.9,4.25,4.72
2024-09-15,S-307,K-002,T-0915-S-307-061,4,19.44,14.0,15.56
2024-09-15,S-307,K-016,T-0915-S-307-062,4,77.76,56.0,62.16
2024-09-15,S-307,K-006,T-0915-S-307-063,2,18.06,13.0,14.44
2024-09-15,S-307,K-032,T-0915-S-307-064,3,55.2,39.75,44.13
2024-09-15,S-307,K-012,T-0915-S-307-065,2,30.56,22.0,24.42
2024-09-15,S-307,K-030,T-0915-S-307-066,2,32.64,23.5,26.08
2024-09-15,S-307,K-006,T-0915-S-307-067,4,36.12,26.0,28.88
2024-09-15,S-307,K-010,T-0915-S-307-068,1,13.19,9.5,10.55
2024-09-15,S-307,K-045,T-0915-S-307-069,3,42.72,30.75,34.14
2024-09-15,S-307,K-044,T-0915-S-307-070,4,52.76,38.0,42.2
2024-09-15,S-307,K-015,T-0915-S-307-071,2,36.8,26.5,29.42
2024-09-15,S-307,K-035,T-0915-S-307-072,2,7.64,5.5,6.1
2024-09-15,S-307,K-058,T-0915-S-307-073,3,30.21,21.75,24.15
2024-09-15,S-307,K-009,T-0915-S-307-074,2,24.3,17.5,19.42
2024-09-15,S-307,K-026,T-0915-S-307-075,3,36.45,26.25,29.13
2024-09-15,S-307,K-048,T-0915-S-307-076,4,69.44,50.0,55.52
2024-09-15,S-307,K-027,T-0915-S-307-077,3,39.57,28.5,31.65
2024-09-15,S-307,K-043,T-0915-S-307-078,4,48.6,35.0,38.84
2024-09-15,S-307,K-024,T-0915-S-307-079,1,10.07,7.25,8.05
